var states=["Afghanistan/Badakhshan","Afghanistan/Badghis","Afghanistan/Baghlan","Afghanistan/Balkh","Afghanistan/Bamian","Afghanistan/Farah","Afghanistan/Faryab","Afghanistan/Ghazni","Afghanistan/Ghowr","Afghanistan/Helmand","Afghanistan/Herat","Afghanistan/Jowzjan","Afghanistan/Kabul","Afghanistan/Kandahar","Afghanistan/Kapisa","Afghanistan/Khost","Afghanistan/Konar","Afghanistan/Kondoz","Afghanistan/Laghman","Afghanistan/Lowgar","Afghanistan/Nangrahar","Afghanistan/Nimruz","Afghanistan/Nurestan","Afghanistan/Oruzgan","Afghanistan/Paktia","Afghanistan/Paktika","Afghanistan/Parwan","Afghanistan/Samangan","Afghanistan/Sar-e Pol","Afghanistan/Takhar","Afghanistan/Wardak","Afghanistan/Zabol","Albania/Berat","Albania/Bulqize","Albania/Delvine","Albania/Devoll","Albania/Diber","Albania/Durres","Albania/Elbasan","Albania/Kolonje","Albania/Fier","Albania/Gjirokaster","Albania/Gramsh","Albania/Has","Albania/Kavaje","Albania/Kurbin","Albania/Kucove","Albania/Korce","Albania/Kruje","Albania/Kukes","Albania/Librazhd","Albania/Lezhe","Albania/Lushnje","Albania/Malesi e Madhe","Albania/Mallakaster","Albania/Mat","Albania/Mirdite","Albania/Peqin","Albania/Permet","Albania/Pogradec","Albania/Puke","Albania/Shkoder","Albania/Skrapar","Albania/Sarande","Albania/Tepelene","Albania/Tropoje","Albania/Tirane","Albania/Vlore","Algeria/Adrar","Algeria/Ain Defla","Algeria/Ain Temouchent","Algeria/Alger","Algeria/Annaba","Algeria/Batna","Algeria/Bechar","Algeria/Bejaia","Algeria/Biskra","Algeria/Blida","Algeria/Bordj Bou Arreridj","Algeria/Bouira","Algeria/Boumerdes","Algeria/Chlef","Algeria/Constantine","Algeria/Djelfa","Algeria/El Bayadh","Algeria/El Oued","Algeria/El Tarf","Algeria/Ghardaia","Algeria/Guelma","Algeria/Illizi","Algeria/Jijel","Algeria/Khenchela","Algeria/Laghouat","Algeria/Muaskar","Algeria/Medea","Algeria/Mila","Algeria/Mostaganem","Algeria/M'Sila","Algeria/Naama","Algeria/Oran","Algeria/Ouargla","Algeria/Oum el-Bouaghi","Algeria/Relizane","Algeria/Saida","Algeria/Setif","Algeria/Sidi Bel Abbes","Algeria/Skikda","Algeria/Souk Ahras","Algeria/Tamanghasset","Algeria/Tebessa","Algeria/Tiaret","Algeria/Tindouf","Algeria/Tipaza","Algeria/Tissemsilt","Algeria/Tizi Ouzou","Algeria/Tlemcen","American Samoa/Eastern","American Samoa/Manu'a","American Samoa/Rose Island","American Samoa/Swains Island","American Samoa/Western","Andorra/Andorra la Vella","Andorra/Canillo","Andorra/Encamp","Andorra/Escaldes-Engordany","Andorra/La Massana","Andorra/Ordino","Andorra/Sant Julia de Loria","Angola/Bengo","Angola/Benguela","Angola/Bie","Angola/Cabinda","Angola/Cuando-Cubango","Angola/Cuanza Norte","Angola/Cuanza Sul","Angola/Cunene","Angola/Huambo","Angola/Huila","Angola/Luanda","Angola/Lunda Norte","Angola/Lunda Sul","Angola/Malange","Angola/Moxico","Angola/Namibe","Angola/Uige","Angola/Zaire","Antigua and Barbuda/Saint George","Antigua and Barbuda/Saint John","Antigua and Barbuda/Saint Mary","Antigua and Barbuda/Saint Paul","Antigua and Barbuda/Saint Peter","Antigua and Barbuda/Saint Philip","Antigua and Barbuda/Barbuda","Antigua and Barbuda/Redonda","Argentina/Antartida e Islas del Atlantico","Argentina/Buenos Aires","Argentina/Catamarca","Argentina/Chaco","Argentina/Chubut","Argentina/Cordoba","Argentina/Corrientes","Argentina/Distrito Federal","Argentina/Entre Rios","Argentina/Formosa","Argentina/Jujuy","Argentina/La Pampa","Argentina/La Rioja","Argentina/Mendoza","Argentina/Misiones","Argentina/Neuquen","Argentina/Rio Negro","Argentina/Salta","Argentina/San Juan","Argentina/San Luis","Argentina/Santa Cruz","Argentina/Santa Fe","Argentina/Santiago del Estero","Argentina/Tierra del Fuego","Argentina/Tucuman","Armenia/Aragatsotn","Armenia/Ararat","Armenia/Armavir","Armenia/Geghark'unik'","Armenia/Kotayk'","Armenia/Lorri","Armenia/Shirak","Armenia/Syunik'","Armenia/Tavush","Armenia/Vayots' Dzor","Armenia/Yerevan","Australia/Australian Capital Territory","Australia/New South Wales","Australia/Northern Territory","Australia/Queensland","Australia/South Australia","Australia/Tasmania","Australia/Victoria","Australia/Western Australia","Austria/Burgenland","Austria/Kärnten","Austria/Nieder&amp;ouml;sterreich","Austria/Ober&amp;ouml;sterreich","Austria/Salzburg","Austria/Steiermark","Austria/Tirol","Austria/Vorarlberg","Austria/Wien","Azerbaijan/Ali Bayramli","Azerbaijan/Abseron","Azerbaijan/AgcabAdi","Azerbaijan/Agdam","Azerbaijan/Agdas","Azerbaijan/Agstafa","Azerbaijan/Agsu","Azerbaijan/Astara","Azerbaijan/Baki","Azerbaijan/BabAk","Azerbaijan/BalakAn","Azerbaijan/BArdA","Azerbaijan/Beylaqan","Azerbaijan/Bilasuvar","Azerbaijan/Cabrayil","Azerbaijan/Calilabab","Azerbaijan/Culfa","Azerbaijan/Daskasan","Azerbaijan/Davaci","Azerbaijan/Fuzuli","Azerbaijan/Ganca","Azerbaijan/Gadabay","Azerbaijan/Goranboy","Azerbaijan/Goycay","Azerbaijan/Haciqabul","Azerbaijan/Imisli","Azerbaijan/Ismayilli","Azerbaijan/Kalbacar","Azerbaijan/Kurdamir","Azerbaijan/Lankaran","Azerbaijan/Lacin","Azerbaijan/Lerik","Azerbaijan/Masalli","Azerbaijan/Mingacevir","Azerbaijan/Naftalan","Azerbaijan/Neftcala","Azerbaijan/Oguz","Azerbaijan/Ordubad","Azerbaijan/Qabala","Azerbaijan/Qax","Azerbaijan/Qazax","Azerbaijan/Qobustan","Azerbaijan/Quba","Azerbaijan/Qubadli","Azerbaijan/Qusar","Azerbaijan/Saki","Azerbaijan/Saatli","Azerbaijan/Sabirabad","Azerbaijan/Sadarak","Azerbaijan/Sahbuz","Azerbaijan/Salyan","Azerbaijan/Sumqayit","Azerbaijan/Samaxi","Azerbaijan/Samkir","Azerbaijan/Samux","Azerbaijan/Sarur","Azerbaijan/Siyazan","Azerbaijan/Susa","Azerbaijan/Tartar","Azerbaijan/Tovuz","Azerbaijan/Ucar","Azerbaijan/Xankandi","Azerbaijan/Xacmaz","Azerbaijan/Xanlar","Azerbaijan/Xizi","Azerbaijan/Xocali","Azerbaijan/Xocavand","Azerbaijan/Yardimli","Azerbaijan/Yevlax","Azerbaijan/Zangilan","Azerbaijan/Zaqatala","Azerbaijan/Zardab","Azerbaijan/Naxcivan","Bahamas/Acklins","Bahamas/Berry Islands","Bahamas/Bimini","Bahamas/Black Point","Bahamas/Cat Island","Bahamas/Central Abaco","Bahamas/Central Andros","Bahamas/Central Eleuthera","Bahamas/City of Freeport","Bahamas/Crooked Island","Bahamas/East Grand Bahama","Bahamas/Exuma","Bahamas/Grand Cay","Bahamas/Harbour Island","Bahamas/Hope Town","Bahamas/Inagua","Bahamas/Long Island","Bahamas/Mangrove Cay","Bahamas/Mayaguana","Bahamas/Moore's Island","Bahamas/North Abaco","Bahamas/North Andros","Bahamas/North Eleuthera","Bahamas/Ragged Island","Bahamas/Rum Cay","Bahamas/San Salvador","Bahamas/South Abaco","Bahamas/South Andros","Bahamas/South Eleuthera","Bahamas/Spanish Wells","Bahamas/West Grand Bahama","Bahrain/Capital","Bahrain/Central","Bahrain/Muharraq","Bahrain/Northern","Bahrain/Southern","Bangladesh/Barisal","Bangladesh/Chittagong","Bangladesh/Dhaka","Bangladesh/Khulna","Bangladesh/Rajshahi","Bangladesh/Sylhet","Barbados/Christ Church","Barbados/Saint Andrew","Barbados/Saint George","Barbados/Saint James","Barbados/Saint John","Barbados/Saint Joseph","Barbados/Saint Lucy","Barbados/Saint Michael","Barbados/Saint Peter","Barbados/Saint Philip","Barbados/Saint Thomas","Belarus/Brestskaya (Brest)","Belarus/Homyel'skaya (Homyel')","Belarus/Horad Minsk","Belarus/Hrodzyenskaya (Hrodna)","Belarus/Mahilyowskaya (Mahilyow)","Belarus/Minskaya","Belarus/Vitsyebskaya (Vitsyebsk)","Belgium/Antwerpen","Belgium/Brabant Wallon","Belgium/Hainaut","Belgium/Liege","Belgium/Limburg","Belgium/Luxembourg","Belgium/Namur","Belgium/Oost-Vlaanderen","Belgium/Vlaams Brabant","Belgium/West-Vlaanderen","Belize/Belize","Belize/Cayo","Belize/Corozal","Belize/Orange Walk","Belize/Stann Creek","Belize/Toledo","Benin/Alibori","Benin/Atakora","Benin/Atlantique","Benin/Borgou","Benin/Collines","Benin/Donga","Benin/Kouffo","Benin/Littoral","Benin/Mono","Benin/Oueme","Benin/Plateau","Benin/Zou","Bermuda/Devonshire","Bermuda/Hamilton City","Bermuda/Hamilton","Bermuda/Paget","Bermuda/Pembroke","Bermuda/Saint George City","Bermuda/Saint George's","Bermuda/Sandys","Bermuda/Smith's","Bermuda/Southampton","Bermuda/Warwick","Bhutan/Bumthang","Bhutan/Chukha","Bhutan/Dagana","Bhutan/Gasa","Bhutan/Haa","Bhutan/Lhuntse","Bhutan/Mongar","Bhutan/Paro","Bhutan/Pemagatshel","Bhutan/Punakha","Bhutan/Samdrup Jongkhar","Bhutan/Samtse","Bhutan/Sarpang","Bhutan/Thimphu","Bhutan/Trashigang","Bhutan/Trashiyangste","Bhutan/Trongsa","Bhutan/Tsirang","Bhutan/Wangdue Phodrang","Bhutan/Zhemgang","Bolivia/Beni","Bolivia/Chuquisaca","Bolivia/Cochabamba","Bolivia/La Paz","Bolivia/Oruro","Bolivia/Pando","Bolivia/Potosi","Bolivia/Santa Cruz","Bolivia/Tarija","Bosnia and Herzegowina/Brcko district","Bosnia and Herzegowina/Unsko-Sanski Kanton","Bosnia and Herzegowina/Posavski Kanton","Bosnia and Herzegowina/Tuzlanski Kanton","Bosnia and Herzegowina/Zenicko-Dobojski Kanton","Bosnia and Herzegowina/Bosanskopodrinjski Kanton","Bosnia and Herzegowina/Srednjebosanski Kanton","Bosnia and Herzegowina/Hercegovacko-neretvanski Kanton","Bosnia and Herzegowina/Zapadnohercegovacka Zupanija","Bosnia and Herzegowina/Kanton Sarajevo","Bosnia and Herzegowina/Zapadnobosanska","Bosnia and Herzegowina/Banja Luka","Bosnia and Herzegowina/Doboj","Bosnia and Herzegowina/Bijeljina","Bosnia and Herzegowina/Vlasenica","Bosnia and Herzegowina/Sarajevo-Romanija or Sokolac","Bosnia and Herzegowina/Foca","Bosnia and Herzegowina/Trebinje","Botswana/Central","Botswana/Ghanzi","Botswana/Kgalagadi","Botswana/Kgatleng","Botswana/Kweneng","Botswana/Ngamiland","Botswana/North East","Botswana/North West","Botswana/South East","Botswana/Southern","Brazil/Acre","Brazil/Alagoas","Brazil/Amapa","Brazil/Amazonas","Brazil/Bahia","Brazil/Ceara","Brazil/Distrito Federal","Brazil/Espirito Santo","Brazil/Goias","Brazil/Maranhao","Brazil/Mato Grosso","Brazil/Mato Grosso do Sul","Brazil/Minas Gerais","Brazil/Para","Brazil/Paraiba","Brazil/Parana","Brazil/Pernambuco","Brazil/Piaui","Brazil/Rio de Janeiro","Brazil/Rio Grande do Norte","Brazil/Rio Grande do Sul","Brazil/Rondonia","Brazil/Roraima","Brazil/Santa Catarina","Brazil/Sao Paulo","Brazil/Sergipe","Brazil/Tocantins","British Indian Ocean Territory/Peros Banhos","British Indian Ocean Territory/Salomon Islands","British Indian Ocean Territory/Nelsons Island","British Indian Ocean Territory/Three Brothers","British Indian Ocean Territory/Eagle Islands","British Indian Ocean Territory/Danger Island","British Indian Ocean Territory/Egmont Islands","British Indian Ocean Territory/Diego Garcia","Brunei Darussalam/Belait","Brunei Darussalam/Brunei and Muara","Brunei Darussalam/Temburong","Brunei Darussalam/Tutong","Bulgaria/Blagoevgrad","Bulgaria/Burgas","Bulgaria/Dobrich","Bulgaria/Gabrovo","Bulgaria/Haskovo","Bulgaria/Kardjali","Bulgaria/Kyustendil","Bulgaria/Lovech","Bulgaria/Montana","Bulgaria/Pazardjik","Bulgaria/Pernik","Bulgaria/Pleven","Bulgaria/Plovdiv","Bulgaria/Razgrad","Bulgaria/Shumen","Bulgaria/Silistra","Bulgaria/Sliven","Bulgaria/Smolyan","Bulgaria/Sofia","Bulgaria/Sofia - town","Bulgaria/Stara Zagora","Bulgaria/Targovishte","Bulgaria/Varna","Bulgaria/Veliko Tarnovo","Bulgaria/Vidin","Bulgaria/Vratza","Bulgaria/Yambol","Bulgaria/Ruse","Burkina Faso/Bale","Burkina Faso/Bam","Burkina Faso/Banwa","Burkina Faso/Bazega","Burkina Faso/Bougouriba","Burkina Faso/Boulgou","Burkina Faso/Boulkiemde","Burkina Faso/Comoe","Burkina Faso/Ganzourgou","Burkina Faso/Gnagna","Burkina Faso/Gourma","Burkina Faso/Houet","Burkina Faso/Ioba","Burkina Faso/Kadiogo","Burkina Faso/Kenedougou","Burkina Faso/Komondjari","Burkina Faso/Kompienga","Burkina Faso/Kossi","Burkina Faso/Koulpelogo","Burkina Faso/Kouritenga","Burkina Faso/Kourweogo","Burkina Faso/Leraba","Burkina Faso/Loroum","Burkina Faso/Mouhoun","Burkina Faso/Nahouri","Burkina Faso/Namentenga","Burkina Faso/Nayala","Burkina Faso/Noumbiel","Burkina Faso/Oubritenga","Burkina Faso/Oudalan","Burkina Faso/Passore","Burkina Faso/Poni","Burkina Faso/Sanguie","Burkina Faso/Sanmatenga","Burkina Faso/Seno","Burkina Faso/Sissili","Burkina Faso/Soum","Burkina Faso/Sourou","Burkina Faso/Tapoa","Burkina Faso/Tuy","Burkina Faso/Yagha","Burkina Faso/Yatenga","Burkina Faso/Ziro","Burkina Faso/Zondoma","Burkina Faso/Zoundweogo","Burundi/Bubanza","Burundi/Bujumbura","Burundi/Bururi","Burundi/Cankuzo","Burundi/Cibitoke","Burundi/Gitega","Burundi/Karuzi","Burundi/Kayanza","Burundi/Kirundo","Burundi/Makamba","Burundi/Muramvya","Burundi/Muyinga","Burundi/Mwaro","Burundi/Ngozi","Burundi/Rutana","Burundi/Ruyigi","Cambodia/Phnom Penh","Cambodia/Preah Seihanu (Kompong Som or Sihanoukville)","Cambodia/Pailin","Cambodia/Keb","Cambodia/Banteay Meanchey","Cambodia/Battambang","Cambodia/Kampong Cham","Cambodia/Kampong Chhnang","Cambodia/Kampong Speu","Cambodia/Kampong Som","Cambodia/Kampong Thom","Cambodia/Kampot","Cambodia/Kandal","Cambodia/Kaoh Kong","Cambodia/Kratie","Cambodia/Mondul Kiri","Cambodia/Oddar Meancheay","Cambodia/Pursat","Cambodia/Preah Vihear","Cambodia/Prey Veng","Cambodia/Ratanak Kiri","Cambodia/Siemreap","Cambodia/Stung Treng","Cambodia/Svay Rieng","Cambodia/Takeo","Cameroon/Adamawa (Adamaoua)","Cameroon/Centre","Cameroon/East (Est)","Cameroon/Extreme North (Extreme-Nord)","Cameroon/Littoral","Cameroon/North (Nord)","Cameroon/Northwest (Nord-Ouest)","Cameroon/West (Ouest)","Cameroon/South (Sud)","Cameroon/Southwest (Sud-Ouest).","Canada/Alberta","Canada/British Columbia","Canada/Manitoba","Canada/New Brunswick","Canada/Newfoundland and Labrador","Canada/Northwest Territories","Canada/Nova Scotia","Canada/Nunavut","Canada/Ontario","Canada/Prince Edward Island","Canada/Qu&amp;eacute;bec","Canada/Saskatchewan","Canada/Yukon Territory","Cape Verde/Boa Vista","Cape Verde/Brava","Cape Verde/Calheta de Sao Miguel","Cape Verde/Maio","Cape Verde/Mosteiros","Cape Verde/Paul","Cape Verde/Porto Novo","Cape Verde/Praia","Cape Verde/Ribeira Grande","Cape Verde/Sal","Cape Verde/Santa Catarina","Cape Verde/Santa Cruz","Cape Verde/Sao Domingos","Cape Verde/Sao Filipe","Cape Verde/Sao Nicolau","Cape Verde/Sao Vicente","Cape Verde/Tarrafal","Cayman Islands/Creek","Cayman Islands/Eastern","Cayman Islands/Midland","Cayman Islands/South Town","Cayman Islands/Spot Bay","Cayman Islands/Stake Bay","Cayman Islands/West End","Cayman Islands/Western","Central African Republic/Bamingui-Bangoran","Central African Republic/Basse-Kotto","Central African Republic/Haute-Kotto","Central African Republic/Haut-Mbomou","Central African Republic/Kemo","Central African Republic/Lobaye","Central African Republic/Mambere-KadeÔ","Central African Republic/Mbomou","Central African Republic/Nana-Mambere","Central African Republic/Ombella-M'Poko","Central African Republic/Ouaka","Central African Republic/Ouham","Central African Republic/Ouham-Pende","Central African Republic/Vakaga","Central African Republic/Nana-Grebizi","Central African Republic/Sangha-Mbaere","Central African Republic/Bangui","Chad/Batha","Chad/Biltine","Chad/Borkou-Ennedi-Tibesti","Chad/Chari-Baguirmi","Chad/Guera","Chad/Kanem","Chad/Lac","Chad/Logone Occidental","Chad/Logone Oriental","Chad/Mayo-Kebbi","Chad/Moyen-Chari","Chad/Ouaddai","Chad/Salamat","Chad/Tandjile","Chile/Aisen del General Carlos Ibanez","Chile/Antofagasta","Chile/Araucania","Chile/Atacama","Chile/Bio-Bio","Chile/Coquimbo","Chile/Libertador General Bernardo O'Hi","Chile/Los Lagos","Chile/Magallanes y de la Antartica Chi","Chile/Maule","Chile/Region Metropolitana","Chile/Tarapaca","Chile/Valparaiso","China/Anhui","China/Beijing","China/Chongqing","China/Fujian","China/Gansu","China/Guangdong","China/Guangxi","China/Guizhou","China/Hainan","China/Hebei","China/Heilongjiang","China/Henan","China/Hong Kong","China/Hubei","China/Hunan","China/Inner Mongolia","China/Jiangsu","China/Jiangxi","China/Jilin","China/Liaoning","China/Macau","China/Ningxia","China/Shaanxi","China/Shandong","China/Shanghai","China/Shanxi","China/Sichuan","China/Tianjin","China/Xinjiang","China/Yunnan","China/Zhejiang","Cocos (Keeling) Islands/Direction Island","Cocos (Keeling) Islands/Home Island","Cocos (Keeling) Islands/Horsburgh Island","Cocos (Keeling) Islands/South Island","Cocos (Keeling) Islands/West Island","Colombia/Amazonas","Colombia/Antioquia","Colombia/Arauca","Colombia/Atlantico","Colombia/Bogota D.C.","Colombia/Bolivar","Colombia/Boyaca","Colombia/Caldas","Colombia/Caqueta","Colombia/Casanare","Colombia/Cauca","Colombia/Cesar","Colombia/Choco","Colombia/Cordoba","Colombia/Cundinamarca","Colombia/Guainia","Colombia/Guajira","Colombia/Guaviare","Colombia/Huila","Colombia/Magdalena","Colombia/Meta","Colombia/Narino","Colombia/Norte de Santander","Colombia/Putumayo","Colombia/Quindio","Colombia/Risaralda","Colombia/San Andres y Providencia","Colombia/Santander","Colombia/Sucre","Colombia/Tolima","Colombia/Valle del Cauca","Colombia/Vaupes","Colombia/Vichada","Comoros/Grande Comore","Comoros/Anjouan","Comoros/Moheli","Congo/Bouenza","Congo/Brazzaville","Congo/Cuvette","Congo/Cuvette-Ouest","Congo/Kouilou","Congo/Lekoumou","Congo/Likouala","Congo/Niari","Congo/Plateaux","Congo/Pool","Congo/Sangha","Cook Islands/Pukapuka","Cook Islands/Rakahanga","Cook Islands/Manihiki","Cook Islands/Penrhyn","Cook Islands/Nassau Island","Cook Islands/Surwarrow","Cook Islands/Palmerston","Cook Islands/Aitutaki","Cook Islands/Manuae","Cook Islands/Takutea","Cook Islands/Mitiaro","Cook Islands/Atiu","Cook Islands/Mauke","Cook Islands/Rarotonga","Cook Islands/Mangaia","Costa Rica/Alajuela","Costa Rica/Cartago","Costa Rica/Guanacaste","Costa Rica/Heredia","Costa Rica/Limon","Costa Rica/Puntarenas","Costa Rica/San Jose","Cote D'Ivoire/Abengourou","Cote D'Ivoire/Abidjan","Cote D'Ivoire/Aboisso","Cote D'Ivoire/Adiake","Cote D'Ivoire/Adzope","Cote D'Ivoire/Agboville","Cote D'Ivoire/Agnibilekrou","Cote D'Ivoire/Alepe","Cote D'Ivoire/Bocanda","Cote D'Ivoire/Bangolo","Cote D'Ivoire/Beoumi","Cote D'Ivoire/Biankouma","Cote D'Ivoire/Bondoukou","Cote D'Ivoire/Bongouanou","Cote D'Ivoire/Bouafle","Cote D'Ivoire/Bouake","Cote D'Ivoire/Bouna","Cote D'Ivoire/Boundiali","Cote D'Ivoire/Dabakala","Cote D'Ivoire/Dabou","Cote D'Ivoire/Daloa","Cote D'Ivoire/Danane","Cote D'Ivoire/Daoukro","Cote D'Ivoire/Dimbokro","Cote D'Ivoire/Divo","Cote D'Ivoire/Duekoue","Cote D'Ivoire/Ferkessedougou","Cote D'Ivoire/Gagnoa","Cote D'Ivoire/Grand-Bassam","Cote D'Ivoire/Grand-Lahou","Cote D'Ivoire/Guiglo","Cote D'Ivoire/Issia","Cote D'Ivoire/Jacqueville","Cote D'Ivoire/Katiola","Cote D'Ivoire/Korhogo","Cote D'Ivoire/Lakota","Cote D'Ivoire/Man","Cote D'Ivoire/Mankono","Cote D'Ivoire/Mbahiakro","Cote D'Ivoire/Odienne","Cote D'Ivoire/Oume","Cote D'Ivoire/Sakassou","Cote D'Ivoire/San-Pedro","Cote D'Ivoire/Sassandra","Cote D'Ivoire/Seguela","Cote D'Ivoire/Sinfra","Cote D'Ivoire/Soubre","Cote D'Ivoire/Tabou","Cote D'Ivoire/Tanda","Cote D'Ivoire/Tiebissou","Cote D'Ivoire/Tingrela","Cote D'Ivoire/Tiassale","Cote D'Ivoire/Touba","Cote D'Ivoire/Toulepleu","Cote D'Ivoire/Toumodi","Cote D'Ivoire/Vavoua","Cote D'Ivoire/Yamoussoukro","Cote D'Ivoire/Zuenoula","Croatia/Bjelovar-Bilogora","Croatia/City of Zagreb","Croatia/Dubrovnik-Neretva","Croatia/Istra","Croatia/Karlovac","Croatia/Koprivnica-Krizevci","Croatia/Krapina-Zagorje","Croatia/Lika-Senj","Croatia/Medimurje","Croatia/Osijek-Baranja","Croatia/Pozega-Slavonia","Croatia/Primorje-Gorski Kotar","Croatia/Sibenik","Croatia/Sisak-Moslavina","Croatia/Slavonski Brod-Posavina","Croatia/Split-Dalmatia","Croatia/Varazdin","Croatia/Virovitica-Podravina","Croatia/Vukovar-Srijem","Croatia/Zadar-Knin","Croatia/Zagreb","Cuba/Camaguey","Cuba/Ciego de Avila","Cuba/Cienfuegos","Cuba/Ciudad de La Habana","Cuba/Granma","Cuba/Guantanamo","Cuba/Holguin","Cuba/Isla de la Juventud","Cuba/La Habana","Cuba/Las Tunas","Cuba/Matanzas","Cuba/Pinar del Rio","Cuba/Sancti Spiritus","Cuba/Santiago de Cuba","Cuba/Villa Clara","Cyprus/Famagusta","Cyprus/Kyrenia","Cyprus/Larnaca","Cyprus/Limassol","Cyprus/Nicosia","Cyprus/Paphos","Czech Republic/Ústecký","Czech Republic/Jihočeský","Czech Republic/Jihomoravský","Czech Republic/Karlovarský","Czech Republic/Královehradecký","Czech Republic/Liberecký","Czech Republic/Moravskoslezský","Czech Republic/Olomoucký","Czech Republic/Pardubický","Czech Republic/Plzeňský","Czech Republic/Praha","Czech Republic/Středočeský","Czech Republic/Vysočina","Czech Republic/Zlínský","Denmark/Arhus","Denmark/Bornholm","Denmark/Copenhagen","Denmark/Faroe Islands","Denmark/Frederiksborg","Denmark/Fyn","Denmark/Kobenhavn","Denmark/Nordjylland","Denmark/Ribe","Denmark/Ringkobing","Denmark/Roskilde","Denmark/Sonderjylland","Denmark/Storstrom","Denmark/Vejle","Denmark/Vestj&amp;aelig;lland","Denmark/Viborg","Djibouti/'Ali Sabih","Djibouti/Dikhil","Djibouti/Djibouti","Djibouti/Obock","Djibouti/Tadjoura","Dominica/Saint Andrew Parish","Dominica/Saint David Parish","Dominica/Saint George Parish","Dominica/Saint John Parish","Dominica/Saint Joseph Parish","Dominica/Saint Luke Parish","Dominica/Saint Mark Parish","Dominica/Saint Patrick Parish","Dominica/Saint Paul Parish","Dominica/Saint Peter Parish","Dominican Republic/Distrito Nacional","Dominican Republic/Azua","Dominican Republic/Baoruco","Dominican Republic/Barahona","Dominican Republic/Dajabon","Dominican Republic/Duarte","Dominican Republic/Elias Pina","Dominican Republic/El Seybo","Dominican Republic/Espaillat","Dominican Republic/Hato Mayor","Dominican Republic/Independencia","Dominican Republic/La Altagracia","Dominican Republic/La Romana","Dominican Republic/La Vega","Dominican Republic/Maria Trinidad Sanchez","Dominican Republic/Monsenor Nouel","Dominican Republic/Monte Cristi","Dominican Republic/Monte Plata","Dominican Republic/Pedernales","Dominican Republic/Peravia (Bani)","Dominican Republic/Puerto Plata","Dominican Republic/Salcedo","Dominican Republic/Samana","Dominican Republic/Sanchez Ramirez","Dominican Republic/San Cristobal","Dominican Republic/San Jose de Ocoa","Dominican Republic/San Juan","Dominican Republic/San Pedro de Macoris","Dominican Republic/Santiago","Dominican Republic/Santiago Rodriguez","Dominican Republic/Santo Domingo","Dominican Republic/Valverde","East Timor/Aileu","East Timor/Ainaro","East Timor/Baucau","East Timor/Bobonaro","East Timor/Cova Lima","East Timor/Dili","East Timor/Ermera","East Timor/Lautem","East Timor/Liquica","East Timor/Manatuto","East Timor/Manufahi","East Timor/Oecussi","East Timor/Viqueque","Ecuador/Azuay","Ecuador/Bolivar","Ecuador/Ca&amp;ntilde;ar","Ecuador/Carchi","Ecuador/Chimborazo","Ecuador/Cotopaxi","Ecuador/El Oro","Ecuador/Esmeraldas","Ecuador/Gal&amp;aacute;pagos","Ecuador/Guayas","Ecuador/Imbabura","Ecuador/Loja","Ecuador/Los Rios","Ecuador/Manab&amp;iacute;","Ecuador/Morona Santiago","Ecuador/Napo","Ecuador/Orellana","Ecuador/Pastaza","Ecuador/Pichincha","Ecuador/Sucumb&amp;iacute;os","Ecuador/Tungurahua","Ecuador/Zamora Chinchipe","Egypt/Ad Daqahliyah","Egypt/Al Bahr al Ahmar","Egypt/Al Buhayrah","Egypt/Al Fayyum","Egypt/Al Gharbiyah","Egypt/Al Iskandariyah","Egypt/Al Isma'iliyah","Egypt/Al Jizah","Egypt/Al Minufiyah","Egypt/Al Minya","Egypt/Al Qahirah","Egypt/Al Qalyubiyah","Egypt/Al Wadi al Jadid","Egypt/Ash Sharqiyah","Egypt/As Suways","Egypt/Aswan","Egypt/Asyut","Egypt/Bani Suwayf","Egypt/Bur Sa'id","Egypt/Dumyat","Egypt/Janub Sina'","Egypt/Kafr ash Shaykh","Egypt/Matruh","Egypt/Qina","Egypt/Shamal Sina'","Egypt/Suhaj","El Salvador/Ahuachapan","El Salvador/Cabanas","El Salvador/Chalatenango","El Salvador/Cuscatlan","El Salvador/La Libertad","El Salvador/La Paz","El Salvador/La Union","El Salvador/Morazan","El Salvador/San Miguel","El Salvador/San Salvador","El Salvador/San Vicente","El Salvador/Santa Ana","El Salvador/Sonsonate","El Salvador/Usulutan","Equatorial Guinea/Provincia Annobon","Equatorial Guinea/Provincia Bioko Norte","Equatorial Guinea/Provincia Bioko Sur","Equatorial Guinea/Provincia Centro Sur","Equatorial Guinea/Provincia Kie-Ntem","Equatorial Guinea/Provincia Litoral","Equatorial Guinea/Provincia Wele-Nzas","Eritrea/Central (Maekel)","Eritrea/Anseba (Keren)","Eritrea/Southern Red Sea (Debub-Keih-Bahri)","Eritrea/Northern Red Sea (Semien-Keih-Bahri)","Eritrea/Southern (Debub)","Eritrea/Gash-Barka (Barentu)","Estonia/Harjumaa (Tallinn)","Estonia/Hiiumaa (Kardla)","Estonia/Ida-Virumaa (Johvi)","Estonia/Jarvamaa (Paide)","Estonia/Jogevamaa (Jogeva)","Estonia/Laane-Virumaa (Rakvere)","Estonia/Laanemaa (Haapsalu)","Estonia/Parnumaa (Parnu)","Estonia/Polvamaa (Polva)","Estonia/Raplamaa (Rapla)","Estonia/Saaremaa (Kuessaare)","Estonia/Tartumaa (Tartu)","Estonia/Valgamaa (Valga)","Estonia/Viljandimaa (Viljandi)","Estonia/Vorumaa (Voru)","Ethiopia/Afar","Ethiopia/Amhara","Ethiopia/Benishangul-Gumaz","Ethiopia/Gambela","Ethiopia/Hariai","Ethiopia/Oromia","Ethiopia/Somali","Ethiopia/Southern Nations - Nationalities and Peoples Region","Ethiopia/Tigray","Ethiopia/Addis Ababa","Ethiopia/Dire Dawa","Fiji/Central Division","Fiji/Northern Division","Fiji/Eastern Division","Fiji/Western Division","Fiji/Rotuma","Finland/Ahvenanmaan Laani","Finland/Etela-Suomen Laani","Finland/Ita-Suomen Laani","Finland/Lansi-Suomen Laani","Finland/Lapin Lanani","Finland/Oulun Laani","France/Alsace","France/Aquitaine","France/Auvergne","France/Brittany","France/Burgundy","France/Center Loire Valley","France/Champagne","France/Corse","France/France Comte","France/Languedoc Roussillon","France/Limousin","France/Lorraine","France/Midi Pyrenees","France/Nord Pas de Calais","France/Normandy","France/Paris / Ill de France","France/Picardie","France/Poitou Charente","France/Provence","France/Rhone Alps","France/Riviera","France/Western Loire Valley","France, Metropolitan/Etranger","France, Metropolitan/Ain","France, Metropolitan/Aisne","France, Metropolitan/Allier","France, Metropolitan/Alpes de Haute Provence","France, Metropolitan/Hautes-Alpes","France, Metropolitan/Alpes Maritimes","France, Metropolitan/Ard&amp;egrave;che","France, Metropolitan/Ardennes","France, Metropolitan/Ari&amp;egrave;ge","France, Metropolitan/Aube","France, Metropolitan/Aude","France, Metropolitan/Aveyron","France, Metropolitan/Bouches du Rh&amp;ocirc;ne","France, Metropolitan/Calvados","France, Metropolitan/Cantal","France, Metropolitan/Charente","France, Metropolitan/Charente Maritime","France, Metropolitan/Cher","France, Metropolitan/Corr&amp;egrave;ze","France, Metropolitan/Corse du Sud","France, Metropolitan/Haute Corse","France, Metropolitan/C&amp;ocirc;te d&amp;#039;or","France, Metropolitan/C&amp;ocirc;tes d&amp;#039;Armor","France, Metropolitan/Creuse","France, Metropolitan/Dordogne","France, Metropolitan/Doubs","France, Metropolitan/Dr&amp;ocirc;me","France, Metropolitan/Eure","France, Metropolitan/Eure et Loir","France, Metropolitan/Finist&amp;egrave;re","France, Metropolitan/Gard","France, Metropolitan/Haute Garonne","France, Metropolitan/Gers","France, Metropolitan/Gironde","France, Metropolitan/H&amp;eacute;rault","France, Metropolitan/Ille et Vilaine","France, Metropolitan/Indre","France, Metropolitan/Indre et Loire","France, Metropolitan/Is&amp;eacute;re","France, Metropolitan/Jura","France, Metropolitan/Landes","France, Metropolitan/Loir et Cher","France, Metropolitan/Loire","France, Metropolitan/Haute Loire","France, Metropolitan/Loire Atlantique","France, Metropolitan/Loiret","France, Metropolitan/Lot","France, Metropolitan/Lot et Garonne","France, Metropolitan/Loz&amp;egrave;re","France, Metropolitan/Maine et Loire","France, Metropolitan/Manche","France, Metropolitan/Marne","France, Metropolitan/Haute Marne","France, Metropolitan/Mayenne","France, Metropolitan/Meurthe et Moselle","France, Metropolitan/Meuse","France, Metropolitan/Morbihan","France, Metropolitan/Moselle","France, Metropolitan/Ni&amp;egrave;vre","France, Metropolitan/Nord","France, Metropolitan/Oise","France, Metropolitan/Orne","France, Metropolitan/Pas de Calais","France, Metropolitan/Puy de D&amp;ocirc;me","France, Metropolitan/Pyr&amp;eacute;n&amp;eacute;es Atlantiques","France, Metropolitan/Hautes Pyr&amp;eacute;n&amp;eacute;es","France, Metropolitan/Pyr&amp;eacute;n&amp;eacute;es Orientales","France, Metropolitan/Bas Rhin","France, Metropolitan/Haut Rhin","France, Metropolitan/Rh&amp;ocirc;ne","France, Metropolitan/Haute Sa&amp;ocirc;ne","France, Metropolitan/Sa&amp;ocirc;ne et Loire","France, Metropolitan/Sarthe","France, Metropolitan/Savoie","France, Metropolitan/Haute Savoie","France, Metropolitan/Paris","France, Metropolitan/Seine Maritime","France, Metropolitan/Seine et Marne","France, Metropolitan/Yvelines","France, Metropolitan/Deux S&amp;egrave;vres","France, Metropolitan/Somme","France, Metropolitan/Tarn","France, Metropolitan/Tarn et Garonne","France, Metropolitan/Var","France, Metropolitan/Vaucluse","France, Metropolitan/Vend&amp;eacute;e","France, Metropolitan/Vienne","France, Metropolitan/Haute Vienne","France, Metropolitan/Vosges","France, Metropolitan/Yonne","France, Metropolitan/Territoire de Belfort","France, Metropolitan/Essonne","France, Metropolitan/Hauts de Seine","France, Metropolitan/Seine St-Denis","France, Metropolitan/Val de Marne","France, Metropolitan/Val d'Oise","French Polynesia/Archipel des Marquises","French Polynesia/Archipel des Tuamotu","French Polynesia/Archipel des Tubuai","French Polynesia/Iles du Vent","French Polynesia/Iles Sous-le-Vent","French Southern Territories/Iles Crozet","French Southern Territories/Iles Kerguelen","French Southern Territories/Ile Amsterdam","French Southern Territories/Ile Saint-Paul","French Southern Territories/Adelie Land","Gabon/Estuaire","Gabon/Haut-Ogooue","Gabon/Moyen-Ogooue","Gabon/Ngounie","Gabon/Nyanga","Gabon/Ogooue-Ivindo","Gabon/Ogooue-Lolo","Gabon/Ogooue-Maritime","Gabon/Woleu-Ntem","Gambia/Banjul","Gambia/Basse","Gambia/Brikama","Gambia/Janjangbure","Gambia/Kanifeng","Gambia/Kerewan","Gambia/Kuntaur","Gambia/Mansakonko","Gambia/Lower River","Gambia/Central River","Gambia/North Bank","Gambia/Upper River","Gambia/Western","Georgia/Abkhazia","Georgia/Ajaria","Georgia/Tbilisi","Georgia/Guria","Georgia/Imereti","Georgia/Kakheti","Georgia/Kvemo Kartli","Georgia/Mtskheta-Mtianeti","Georgia/Racha Lechkhumi and Kvemo Svanet","Georgia/Samegrelo-Zemo Svaneti","Georgia/Samtskhe-Javakheti","Georgia/Shida Kartli","Germany/Baden-W&amp;uuml;rttemberg","Germany/Bayern","Germany/Berlin","Germany/Brandenburg","Germany/Bremen","Germany/Hamburg","Germany/Hessen","Germany/Mecklenburg-Vorpommern","Germany/Niedersachsen","Germany/Nordrhein-Westfalen","Germany/Rheinland-Pfalz","Germany/Saarland","Germany/Sachsen","Germany/Sachsen-Anhalt","Germany/Schleswig-Holstein","Germany/Th&amp;uuml;ringen","Ghana/Ashanti Region","Ghana/Brong-Ahafo Region","Ghana/Central Region","Ghana/Eastern Region","Ghana/Greater Accra Region","Ghana/Northern Region","Ghana/Upper East Region","Ghana/Upper West Region","Ghana/Volta Region","Ghana/Western Region","Greece/Attica","Greece/Central Greece","Greece/Central Macedonia","Greece/Crete","Greece/East Macedonia and Thrace","Greece/Epirus","Greece/Ionian Islands","Greece/North Aegean","Greece/Peloponnesos","Greece/South Aegean","Greece/Thessaly","Greece/West Greece","Greece/West Macedonia","Greenland/Avannaa","Greenland/Tunu","Greenland/Kitaa","Grenada/Saint Andrew","Grenada/Saint David","Grenada/Saint George","Grenada/Saint John","Grenada/Saint Mark","Grenada/Saint Patrick","Grenada/Carriacou","Grenada/Petit Martinique","Guatemala/Alta Verapaz","Guatemala/Baja Verapaz","Guatemala/Chimaltenango","Guatemala/Chiquimula","Guatemala/El Peten","Guatemala/El Progreso","Guatemala/El Quiche","Guatemala/Escuintla","Guatemala/Guatemala","Guatemala/Huehuetenango","Guatemala/Izabal","Guatemala/Jalapa","Guatemala/Jutiapa","Guatemala/Quetzaltenango","Guatemala/Retalhuleu","Guatemala/Sacatepequez","Guatemala/San Marcos","Guatemala/Santa Rosa","Guatemala/Solola","Guatemala/Suchitepequez","Guatemala/Totonicapan","Guatemala/Zacapa","Guinea/Conakry","Guinea/Beyla","Guinea/Boffa","Guinea/Boke","Guinea/Coyah","Guinea/Dabola","Guinea/Dalaba","Guinea/Dinguiraye","Guinea/Dubreka","Guinea/Faranah","Guinea/Forecariah","Guinea/Fria","Guinea/Gaoual","Guinea/Gueckedou","Guinea/Kankan","Guinea/Kerouane","Guinea/Kindia","Guinea/Kissidougou","Guinea/Koubia","Guinea/Koundara","Guinea/Kouroussa","Guinea/Labe","Guinea/Lelouma","Guinea/Lola","Guinea/Macenta","Guinea/Mali","Guinea/Mamou","Guinea/Mandiana","Guinea/Nzerekore","Guinea/Pita","Guinea/Siguiri","Guinea/Telimele","Guinea/Tougue","Guinea/Yomou","Guinea-bissau/Bafata Region","Guinea-bissau/Biombo Region","Guinea-bissau/Bissau Region","Guinea-bissau/Bolama Region","Guinea-bissau/Cacheu Region","Guinea-bissau/Gabu Region","Guinea-bissau/Oio Region","Guinea-bissau/Quinara Region","Guinea-bissau/Tombali Region","Guyana/Barima-Waini","Guyana/Cuyuni-Mazaruni","Guyana/Demerara-Mahaica","Guyana/East Berbice-Corentyne","Guyana/Essequibo Islands-West Demerara","Guyana/Mahaica-Berbice","Guyana/Pomeroon-Supenaam","Guyana/Potaro-Siparuni","Guyana/Upper Demerara-Berbice","Guyana/Upper Takutu-Upper Essequibo","Haiti/Artibonite","Haiti/Centre","Haiti/Grand'Anse","Haiti/Nord","Haiti/Nord-Est","Haiti/Nord-Ouest","Haiti/Ouest","Haiti/Sud","Haiti/Sud-Est","Heard and Mc Donald Islands/Flat Island","Heard and Mc Donald Islands/McDonald Island","Heard and Mc Donald Islands/Shag Island","Heard and Mc Donald Islands/Heard Island","Honduras/Atlantida","Honduras/Choluteca","Honduras/Colon","Honduras/Comayagua","Honduras/Copan","Honduras/Cortes","Honduras/El Paraiso","Honduras/Francisco Morazan","Honduras/Gracias a Dios","Honduras/Intibuca","Honduras/Islas de la Bahia (Bay Islands)","Honduras/La Paz","Honduras/Lempira","Honduras/Ocotepeque","Honduras/Olancho","Honduras/Santa Barbara","Honduras/Valle","Honduras/Yoro","Hong Kong/Central and Western Hong Kong Island","Hong Kong/Eastern Hong Kong Island","Hong Kong/Southern Hong Kong Island","Hong Kong/Wan Chai Hong Kong Island","Hong Kong/Kowloon City Kowloon","Hong Kong/Kwun Tong Kowloon","Hong Kong/Sham Shui Po Kowloon","Hong Kong/Wong Tai Sin Kowloon","Hong Kong/Yau Tsim Mong Kowloon","Hong Kong/Islands New Territories","Hong Kong/Kwai Tsing New Territories","Hong Kong/North New Territories","Hong Kong/Sai Kung New Territories","Hong Kong/Sha Tin New Territories","Hong Kong/Tai Po New Territories","Hong Kong/Tsuen Wan New Territories","Hong Kong/Tuen Mun New Territories","Hong Kong/Yuen Long New Territories","Hungary/Bacs-Kiskun","Hungary/Baranya","Hungary/Bekes","Hungary/Bekescsaba","Hungary/Borsod-Abauj-Zemplen","Hungary/Budapest","Hungary/Csongrad","Hungary/Debrecen","Hungary/Dunaujvaros","Hungary/Eger","Hungary/Fejer","Hungary/Gyor","Hungary/Gyor-Moson-Sopron","Hungary/Hajdu-Bihar","Hungary/Heves","Hungary/Hodmezovasarhely","Hungary/Jasz-Nagykun-Szolnok","Hungary/Kaposvar","Hungary/Kecskemet","Hungary/Komarom-Esztergom","Hungary/Miskolc","Hungary/Nagykanizsa","Hungary/Nograd","Hungary/Nyiregyhaza","Hungary/Pecs","Hungary/Pest","Hungary/Somogy","Hungary/Sopron","Hungary/Szabolcs-Szatmar-Bereg","Hungary/Szeged","Hungary/Szekesfehervar","Hungary/Szolnok","Hungary/Szombathely","Hungary/Tatabanya","Hungary/Tolna","Hungary/Vas","Hungary/Veszprem","Hungary/Zala","Hungary/Zalaegerszeg","Iceland/Austurland","Iceland/Hofuoborgarsvaeoi","Iceland/Norourland eystra","Iceland/Norourland vestra","Iceland/Suourland","Iceland/Suournes","Iceland/Vestfiroir","Iceland/Vesturland","India/Andaman and Nicobar Islands","India/Andhra Pradesh","India/Arunachal Pradesh","India/Assam","India/Bihar","India/Chandigarh","India/Dadra and Nagar Haveli","India/Daman and Diu","India/Delhi","India/Goa","India/Gujarat","India/Haryana","India/Himachal Pradesh","India/Jammu and Kashmir","India/Karnataka","India/Kerala","India/Lakshadweep Islands","India/Madhya Pradesh","India/Maharashtra","India/Manipur","India/Meghalaya","India/Mizoram","India/Nagaland","India/Orissa","India/Pondicherry","India/Punjab","India/Rajasthan","India/Sikkim","India/Tamil Nadu","India/Tripura","India/Uttar Pradesh","India/West Bengal","Indonesia/Aceh","Indonesia/Bali","Indonesia/Banten","Indonesia/Bengkulu","Indonesia/BoDeTaBek","Indonesia/Gorontalo","Indonesia/Jakarta Raya","Indonesia/Jambi","Indonesia/Jawa Barat","Indonesia/Jawa Tengah","Indonesia/Jawa Timur","Indonesia/Kalimantan Barat","Indonesia/Kalimantan Selatan","Indonesia/Kalimantan Tengah","Indonesia/Kalimantan Timur","Indonesia/Kepulauan Bangka Belitung","Indonesia/Lampung","Indonesia/Maluku","Indonesia/Maluku Utara","Indonesia/Nusa Tenggara Barat","Indonesia/Nusa Tenggara Timur","Indonesia/Papua","Indonesia/Riau","Indonesia/Sulawesi Selatan","Indonesia/Sulawesi Tengah","Indonesia/Sulawesi Tenggara","Indonesia/Sulawesi Utara","Indonesia/Sumatera Barat","Indonesia/Sumatera Selatan","Indonesia/Sumatera Utara","Indonesia/Yogyakarta","Iran (Islamic Republic of)/Tehran","Iran (Islamic Republic of)/Qom","Iran (Islamic Republic of)/Markazi","Iran (Islamic Republic of)/Qazvin","Iran (Islamic Republic of)/Gilan","Iran (Islamic Republic of)/Ardabil","Iran (Islamic Republic of)/Zanjan","Iran (Islamic Republic of)/East Azarbaijan","Iran (Islamic Republic of)/West Azarbaijan","Iran (Islamic Republic of)/Kurdistan","Iran (Islamic Republic of)/Hamadan","Iran (Islamic Republic of)/Kermanshah","Iran (Islamic Republic of)/Ilam","Iran (Islamic Republic of)/Lorestan","Iran (Islamic Republic of)/Khuzestan","Iran (Islamic Republic of)/Chahar Mahaal and Bakhtiari","Iran (Islamic Republic of)/Kohkiluyeh and Buyer Ahmad","Iran (Islamic Republic of)/Bushehr","Iran (Islamic Republic of)/Fars","Iran (Islamic Republic of)/Hormozgan","Iran (Islamic Republic of)/Sistan and Baluchistan","Iran (Islamic Republic of)/Kerman","Iran (Islamic Republic of)/Yazd","Iran (Islamic Republic of)/Esfahan","Iran (Islamic Republic of)/Semnan","Iran (Islamic Republic of)/Mazandaran","Iran (Islamic Republic of)/Golestan","Iran (Islamic Republic of)/North Khorasan","Iran (Islamic Republic of)/Razavi Khorasan","Iran (Islamic Republic of)/South Khorasan","Iran (Islamic Republic of)/Alborz","Iraq/Baghdad","Iraq/Salah ad Din","Iraq/Diyala","Iraq/Wasit","Iraq/Maysan","Iraq/Al Basrah","Iraq/Dhi Qar","Iraq/Al Muthanna","Iraq/Al Qadisyah","Iraq/Babil","Iraq/Al Karbala","Iraq/An Najaf","Iraq/Al Anbar","Iraq/Ninawa","Iraq/Dahuk","Iraq/Arbil","Iraq/At Ta'mim","Iraq/As Sulaymaniyah","Ireland/Carlow","Ireland/Cavan","Ireland/Clare","Ireland/Cork","Ireland/Donegal","Ireland/Dublin","Ireland/Galway","Ireland/Kerry","Ireland/Kildare","Ireland/Kilkenny","Ireland/Laois","Ireland/Leitrim","Ireland/Limerick","Ireland/Longford","Ireland/Louth","Ireland/Mayo","Ireland/Meath","Ireland/Monaghan","Ireland/Offaly","Ireland/Roscommon","Ireland/Sligo","Ireland/Tipperary","Ireland/Waterford","Ireland/Westmeath","Ireland/Wexford","Ireland/Wicklow","Israel/Be'er Sheva","Israel/Bika'at Hayarden","Israel/Eilat and Arava","Israel/Galil","Israel/Haifa","Israel/Jehuda Mountains","Israel/Jerusalem","Israel/Negev","Israel/Semaria","Israel/Sharon","Israel/Tel Aviv (Gosh Dan)","Italy/Agrigento","Italy/Alessandria","Italy/Ancona","Italy/Aosta","Italy/Arezzo","Italy/Ascoli Piceno","Italy/Asti","Italy/Avellino","Italy/Bari","Italy/Belluno","Italy/Benevento","Italy/Bergamo","Italy/Biella","Italy/Bologna","Italy/Bolzano","Italy/Brescia","Italy/Brindisi","Italy/Cagliari","Italy/Caltanissetta","Italy/Campobasso","Italy/Carbonia-Iglesias","Italy/Caserta","Italy/Catania","Italy/Catanzaro","Italy/Chieti","Italy/Como","Italy/Cosenza","Italy/Cremona","Italy/Crotone","Italy/Cuneo","Italy/Enna","Italy/Ferrara","Italy/Firenze","Italy/Foggia","Italy/Forli-Cesena","Italy/Frosinone","Italy/Genova","Italy/Gorizia","Italy/Grosseto","Italy/Imperia","Italy/Isernia","Italy/L&amp;#39;Aquila","Italy/La Spezia","Italy/Latina","Italy/Lecce","Italy/Lecco","Italy/Livorno","Italy/Lodi","Italy/Lucca","Italy/Macerata","Italy/Mantova","Italy/Massa-Carrara","Italy/Matera","Italy/Medio Campidano","Italy/Messina","Italy/Milano","Italy/Modena","Italy/Napoli","Italy/Novara","Italy/Nuoro","Italy/Ogliastra","Italy/Olbia-Tempio","Italy/Oristano","Italy/Padova","Italy/Palermo","Italy/Parma","Italy/Pavia","Italy/Perugia","Italy/Pesaro e Urbino","Italy/Pescara","Italy/Piacenza","Italy/Pisa","Italy/Pistoia","Italy/Pordenone","Italy/Potenza","Italy/Prato","Italy/Ragusa","Italy/Ravenna","Italy/Reggio Calabria","Italy/Reggio Emilia","Italy/Rieti","Italy/Rimini","Italy/Roma","Italy/Rovigo","Italy/Salerno","Italy/Sassari","Italy/Savona","Italy/Siena","Italy/Siracusa","Italy/Sondrio","Italy/Taranto","Italy/Teramo","Italy/Terni","Italy/Torino","Italy/Trapani","Italy/Trento","Italy/Treviso","Italy/Trieste","Italy/Udine","Italy/Varese","Italy/Venezia","Italy/Verbano-Cusio-Ossola","Italy/Vercelli","Italy/Verona","Italy/Vibo Valentia","Italy/Vicenza","Italy/Viterbo","Jamaica/Clarendon Parish","Jamaica/Hanover Parish","Jamaica/Kingston Parish","Jamaica/Manchester Parish","Jamaica/Portland Parish","Jamaica/Saint Andrew Parish","Jamaica/Saint Ann Parish","Jamaica/Saint Catherine Parish","Jamaica/Saint Elizabeth Parish","Jamaica/Saint James Parish","Jamaica/Saint Mary Parish","Jamaica/Saint Thomas Parish","Jamaica/Trelawny Parish","Jamaica/Westmoreland Parish","Japan/Aichi","Japan/Akita","Japan/Aomori","Japan/Chiba","Japan/Ehime","Japan/Fukui","Japan/Fukuoka","Japan/Fukushima","Japan/Gifu","Japan/Gumma","Japan/Hiroshima","Japan/Hokkaido","Japan/Hyogo","Japan/Ibaraki","Japan/Ishikawa","Japan/Iwate","Japan/Kagawa","Japan/Kagoshima","Japan/Kanagawa","Japan/Kochi","Japan/Kumamoto","Japan/Kyoto","Japan/Mie","Japan/Miyagi","Japan/Miyazaki","Japan/Nagano","Japan/Nagasaki","Japan/Nara","Japan/Niigata","Japan/Oita","Japan/Okayama","Japan/Okinawa","Japan/Osaka","Japan/Saga","Japan/Saitama","Japan/Shiga","Japan/Shimane","Japan/Shizuoka","Japan/Tochigi","Japan/Tokushima","Japan/Tokyo","Japan/Tottori","Japan/Toyama","Japan/Wakayama","Japan/Yamagata","Japan/Yamaguchi","Japan/Yamanashi","Jordan/'Amman","Jordan/Ajlun","Jordan/Al 'Aqabah","Jordan/Al Balqa'","Jordan/Al Karak","Jordan/Al Mafraq","Jordan/At Tafilah","Jordan/Az Zarqa'","Jordan/Irbid","Jordan/Jarash","Jordan/Ma'an","Jordan/Madaba","Kazakhstan/Almaty","Kazakhstan/Almaty City","Kazakhstan/Aqmola","Kazakhstan/Aqtobe","Kazakhstan/Astana City","Kazakhstan/Atyrau","Kazakhstan/Batys Qazaqstan","Kazakhstan/Bayqongyr City","Kazakhstan/Mangghystau","Kazakhstan/Ongtustik Qazaqstan","Kazakhstan/Pavlodar","Kazakhstan/Qaraghandy","Kazakhstan/Qostanay","Kazakhstan/Qyzylorda","Kazakhstan/Shyghys Qazaqstan","Kazakhstan/Soltustik Qazaqstan","Kazakhstan/Zhambyl","Kenya/Central","Kenya/Coast","Kenya/Eastern","Kenya/Nairobi Area","Kenya/North Eastern","Kenya/Nyanza","Kenya/Rift Valley","Kenya/Western","Kiribati/Abaiang","Kiribati/Abemama","Kiribati/Aranuka","Kiribati/Arorae","Kiribati/Banaba","Kiribati/Beru","Kiribati/Butaritari","Kiribati/Kanton","Kiribati/Kiritimati","Kiribati/Kuria","Kiribati/Maiana","Kiribati/Makin","Kiribati/Marakei","Kiribati/Nikunau","Kiribati/Nonouti","Kiribati/Onotoa","Kiribati/Tabiteuea","Kiribati/Tabuaeran","Kiribati/Tamana","Kiribati/Tarawa","Kiribati/Teraina","North Korea/Chagang-do","North Korea/Hamgyong-bukto","North Korea/Hamgyong-namdo","North Korea/Hwanghae-bukto","North Korea/Hwanghae-namdo","North Korea/Kangwon-do","North Korea/P'yongan-bukto","North Korea/P'yongan-namdo","North Korea/Ryanggang-do (Yanggang-do)","North Korea/Rason Directly Governed City","North Korea/P'yongyang Special City","Korea, Republic of/Ch'ungch'ong-bukto","Korea, Republic of/Ch'ungch'ong-namdo","Korea, Republic of/Cheju-do","Korea, Republic of/Cholla-bukto","Korea, Republic of/Cholla-namdo","Korea, Republic of/Inch'on-gwangyoksi","Korea, Republic of/Kangwon-do","Korea, Republic of/Kwangju-gwangyoksi","Korea, Republic of/Kyonggi-do","Korea, Republic of/Kyongsang-bukto","Korea, Republic of/Kyongsang-namdo","Korea, Republic of/Pusan-gwangyoksi","Korea, Republic of/Soul-t'ukpyolsi","Korea, Republic of/Taegu-gwangyoksi","Korea, Republic of/Taejon-gwangyoksi","Kuwait/Al 'Asimah","Kuwait/Al Ahmadi","Kuwait/Al Farwaniyah","Kuwait/Al Jahra'","Kuwait/Hawalli","Kyrgyzstan/Bishkek","Kyrgyzstan/Batken","Kyrgyzstan/Chu","Kyrgyzstan/Jalal-Abad","Kyrgyzstan/Naryn","Kyrgyzstan/Osh","Kyrgyzstan/Talas","Kyrgyzstan/Ysyk-Kol","Lao People's Democratic Republic/Vientiane","Lao People's Democratic Republic/Attapu","Lao People's Democratic Republic/Bokeo","Lao People's Democratic Republic/Bolikhamxai","Lao People's Democratic Republic/Champasak","Lao People's Democratic Republic/Houaphan","Lao People's Democratic Republic/Khammouan","Lao People's Democratic Republic/Louang Namtha","Lao People's Democratic Republic/Louangphabang","Lao People's Democratic Republic/Oudomxai","Lao People's Democratic Republic/Phongsali","Lao People's Democratic Republic/Salavan","Lao People's Democratic Republic/Savannakhet","Lao People's Democratic Republic/Xaignabouli","Lao People's Democratic Republic/Xekong","Lao People's Democratic Republic/Xiangkhoang","Lao People's Democratic Republic/Xaisomboun","Latvia/Aizkraukles Rajons","Latvia/Aluksnes Rajons","Latvia/Balvu Rajons","Latvia/Bauskas Rajons","Latvia/Cesu Rajons","Latvia/Daugavpils Rajons","Latvia/Dobeles Rajons","Latvia/Gulbenes Rajons","Latvia/Jekabpils Rajons","Latvia/Jelgavas Rajons","Latvia/Kraslavas Rajons","Latvia/Kuldigas Rajons","Latvia/Liepajas Rajons","Latvia/Limbazu Rajons","Latvia/Ludzas Rajons","Latvia/Madonas Rajons","Latvia/Ogres Rajons","Latvia/Preilu Rajons","Latvia/Rezeknes Rajons","Latvia/Rigas Rajons","Latvia/Saldus Rajons","Latvia/Talsu Rajons","Latvia/Tukuma Rajons","Latvia/Valkas Rajons","Latvia/Valmieras Rajons","Latvia/Ventspils Rajons","Latvia/Daugavpils","Latvia/Jelgava","Latvia/Jurmala","Latvia/Liepaja","Latvia/Rezekne","Latvia/Riga","Latvia/Ventspils","Lesotho/Berea","Lesotho/Butha-Buthe","Lesotho/Leribe","Lesotho/Mafeteng","Lesotho/Maseru","Lesotho/Mohale's Hoek","Lesotho/Mokhotlong","Lesotho/Qacha's Nek","Lesotho/Quthing","Lesotho/Thaba-Tseka","Liberia/Bomi","Liberia/Bong","Liberia/Grand Bassa","Liberia/Grand Cape Mount","Liberia/Grand Gedeh","Liberia/Grand Kru","Liberia/Lofa","Liberia/Margibi","Liberia/Maryland","Liberia/Montserrado","Liberia/Nimba","Liberia/River Cess","Liberia/Sinoe","Libyan Arab Jamahiriya/Ajdabiya","Libyan Arab Jamahiriya/Al 'Aziziyah","Libyan Arab Jamahiriya/Al Fatih","Libyan Arab Jamahiriya/Al Jabal al Akhdar","Libyan Arab Jamahiriya/Al Jufrah","Libyan Arab Jamahiriya/Al Khums","Libyan Arab Jamahiriya/Al Kufrah","Libyan Arab Jamahiriya/An Nuqat al Khams","Libyan Arab Jamahiriya/Ash Shati'","Libyan Arab Jamahiriya/Awbari","Libyan Arab Jamahiriya/Az Zawiyah","Libyan Arab Jamahiriya/Banghazi","Libyan Arab Jamahiriya/Darnah","Libyan Arab Jamahiriya/Ghadamis","Libyan Arab Jamahiriya/Gharyan","Libyan Arab Jamahiriya/Misratah","Libyan Arab Jamahiriya/Murzuq","Libyan Arab Jamahiriya/Sabha","Libyan Arab Jamahiriya/Sawfajjin","Libyan Arab Jamahiriya/Surt","Libyan Arab Jamahiriya/Tarabulus (Tripoli)","Libyan Arab Jamahiriya/Tarhunah","Libyan Arab Jamahiriya/Tubruq","Libyan Arab Jamahiriya/Yafran","Libyan Arab Jamahiriya/Zlitan","Liechtenstein/Vaduz","Liechtenstein/Schaan","Liechtenstein/Balzers","Liechtenstein/Triesen","Liechtenstein/Eschen","Liechtenstein/Mauren","Liechtenstein/Triesenberg","Liechtenstein/Ruggell","Liechtenstein/Gamprin","Liechtenstein/Schellenberg","Liechtenstein/Planken","Lithuania/Alytus","Lithuania/Kaunas","Lithuania/Klaipeda","Lithuania/Marijampole","Lithuania/Panevezys","Lithuania/Siauliai","Lithuania/Taurage","Lithuania/Telsiai","Lithuania/Utena","Lithuania/Vilnius","Luxembourg/Diekirch","Luxembourg/Clervaux","Luxembourg/Redange","Luxembourg/Vianden","Luxembourg/Wiltz","Luxembourg/Grevenmacher","Luxembourg/Echternach","Luxembourg/Remich","Luxembourg/Luxembourg","Luxembourg/Capellen","Luxembourg/Esch-sur-Alzette","Luxembourg/Mersch","Macau/Our Lady Fatima Parish","Macau/St. Anthony Parish","Macau/St. Lazarus Parish","Macau/Cathedral Parish","Macau/St. Lawrence Parish","Madagascar/Antananarivo","Madagascar/Antsiranana","Madagascar/Fianarantsoa","Madagascar/Mahajanga","Madagascar/Toamasina","Madagascar/Toliara","Malawi/Balaka","Malawi/Blantyre","Malawi/Chikwawa","Malawi/Chiradzulu","Malawi/Chitipa","Malawi/Dedza","Malawi/Dowa","Malawi/Karonga","Malawi/Kasungu","Malawi/Likoma","Malawi/Lilongwe","Malawi/Machinga","Malawi/Mangochi","Malawi/Mchinji","Malawi/Mulanje","Malawi/Mwanza","Malawi/Mzimba","Malawi/Ntcheu","Malawi/Nkhata Bay","Malawi/Nkhotakota","Malawi/Nsanje","Malawi/Ntchisi","Malawi/Phalombe","Malawi/Rumphi","Malawi/Salima","Malawi/Thyolo","Malawi/Zomba","Malaysia/Johor","Malaysia/Kedah","Malaysia/Kelantan","Malaysia/Labuan","Malaysia/Melaka","Malaysia/Negeri Sembilan","Malaysia/Pahang","Malaysia/Perak","Malaysia/Perlis","Malaysia/Pulau Pinang","Malaysia/Sabah","Malaysia/Sarawak","Malaysia/Selangor","Malaysia/Terengganu","Malaysia/Wilayah Persekutuan","Maldives/Thiladhunmathi Uthuru","Maldives/Thiladhunmathi Dhekunu","Maldives/Miladhunmadulu Uthuru","Maldives/Miladhunmadulu Dhekunu","Maldives/Maalhosmadulu Uthuru","Maldives/Maalhosmadulu Dhekunu","Maldives/Faadhippolhu","Maldives/Male Atoll","Maldives/Ari Atoll Uthuru","Maldives/Ari Atoll Dheknu","Maldives/Felidhe Atoll","Maldives/Mulaku Atoll","Maldives/Nilandhe Atoll Uthuru","Maldives/Nilandhe Atoll Dhekunu","Maldives/Kolhumadulu","Maldives/Hadhdhunmathi","Maldives/Huvadhu Atoll Uthuru","Maldives/Huvadhu Atoll Dhekunu","Maldives/Fua Mulaku","Maldives/Addu","Mali/Gao","Mali/Kayes","Mali/Kidal","Mali/Koulikoro","Mali/Mopti","Mali/Segou","Mali/Sikasso","Mali/Tombouctou","Mali/Bamako Capital District","Malta/Attard","Malta/Balzan","Malta/Birgu","Malta/Birkirkara","Malta/Birzebbuga","Malta/Bormla","Malta/Dingli","Malta/Fgura","Malta/Floriana","Malta/Gudja","Malta/Gzira","Malta/Gargur","Malta/Gaxaq","Malta/Hamrun","Malta/Iklin","Malta/Isla","Malta/Kalkara","Malta/Kirkop","Malta/Lija","Malta/Luqa","Malta/Marsa","Malta/Marsaskala","Malta/Marsaxlokk","Malta/Mdina","Malta/Melliea","Malta/Mgarr","Malta/Mosta","Malta/Mqabba","Malta/Msida","Malta/Mtarfa","Malta/Naxxar","Malta/Paola","Malta/Pembroke","Malta/Pieta","Malta/Qormi","Malta/Qrendi","Malta/Rabat","Malta/Safi","Malta/San Giljan","Malta/Santa Lucija","Malta/San Pawl il-Bahar","Malta/San Gwann","Malta/Santa Venera","Malta/Siggiewi","Malta/Sliema","Malta/Swieqi","Malta/Ta Xbiex","Malta/Tarxien","Malta/Valletta","Malta/Xgajra","Malta/Zabbar","Malta/Zebbug","Malta/Zejtun","Malta/Zurrieq","Malta/Fontana","Malta/Ghajnsielem","Malta/Gharb","Malta/Ghasri","Malta/Kercem","Malta/Munxar","Malta/Nadur","Malta/Qala","Malta/Victoria","Malta/San Lawrenz","Malta/Sannat","Malta/Xagra","Malta/Xewkija","Marshall Islands/Ailinginae","Marshall Islands/Ailinglaplap","Marshall Islands/Ailuk","Marshall Islands/Arno","Marshall Islands/Aur","Marshall Islands/Bikar","Marshall Islands/Bikini","Marshall Islands/Bokak","Marshall Islands/Ebon","Marshall Islands/Enewetak","Marshall Islands/Erikub","Marshall Islands/Jabat","Marshall Islands/Jaluit","Marshall Islands/Jemo","Marshall Islands/Kili","Marshall Islands/Kwajalein","Marshall Islands/Lae","Marshall Islands/Lib","Marshall Islands/Likiep","Marshall Islands/Majuro","Marshall Islands/Maloelap","Marshall Islands/Mejit","Marshall Islands/Mili","Marshall Islands/Namorik","Marshall Islands/Namu","Marshall Islands/Rongelap","Marshall Islands/Rongrik","Marshall Islands/Toke","Marshall Islands/Ujae","Marshall Islands/Ujelang","Marshall Islands/Utirik","Marshall Islands/Wotho","Marshall Islands/Wotje","Mauritania/Adrar","Mauritania/Assaba","Mauritania/Brakna","Mauritania/Dakhlet Nouadhibou","Mauritania/Gorgol","Mauritania/Guidimaka","Mauritania/Hodh Ech Chargui","Mauritania/Hodh El Gharbi","Mauritania/Inchiri","Mauritania/Tagant","Mauritania/Tiris Zemmour","Mauritania/Trarza","Mauritania/Nouakchott","Mauritius/Beau Bassin-Rose Hill","Mauritius/Curepipe","Mauritius/Port Louis","Mauritius/Quatre Bornes","Mauritius/Vacoas-Phoenix","Mauritius/Agalega Islands","Mauritius/Cargados Carajos Shoals (Saint Brandon Islands)","Mauritius/Rodrigues","Mauritius/Black River","Mauritius/Flacq","Mauritius/Grand Port","Mauritius/Moka","Mauritius/Pamplemousses","Mauritius/Plaines Wilhems","Mauritius/Riviere du Rempart","Mauritius/Savanne","Mexico/Baja California Norte","Mexico/Baja California Sur","Mexico/Campeche","Mexico/Chiapas","Mexico/Chihuahua","Mexico/Coahuila de Zaragoza","Mexico/Colima","Mexico/Distrito Federal","Mexico/Durango","Mexico/Guanajuato","Mexico/Guerrero","Mexico/Hidalgo","Mexico/Jalisco","Mexico/Mexico","Mexico/Michoacan de Ocampo","Mexico/Morelos","Mexico/Nayarit","Mexico/Nuevo Leon","Mexico/Oaxaca","Mexico/Puebla","Mexico/Queretaro de Arteaga","Mexico/Quintana Roo","Mexico/San Luis Potosi","Mexico/Sinaloa","Mexico/Sonora","Mexico/Tabasco","Mexico/Tamaulipas","Mexico/Tlaxcala","Mexico/Veracruz-Llave","Mexico/Yucatan","Mexico/Zacatecas","Micronesia, Federated States of/Chuuk","Micronesia, Federated States of/Kosrae","Micronesia, Federated States of/Pohnpei","Micronesia, Federated States of/Yap","Moldova, Republic of/Gagauzia","Moldova, Republic of/Chisinau","Moldova, Republic of/Balti","Moldova, Republic of/Cahul","Moldova, Republic of/Edinet","Moldova, Republic of/Lapusna","Moldova, Republic of/Orhei","Moldova, Republic of/Soroca","Moldova, Republic of/Tighina","Moldova, Republic of/Ungheni","Moldova, Republic of/St‚nga Nistrului","Monaco/Fontvieille","Monaco/La Condamine","Monaco/Monaco-Ville","Monaco/Monte-Carlo","Mongolia/Ulanbaatar","Mongolia/Orhon","Mongolia/Darhan uul","Mongolia/Hentiy","Mongolia/Hovsgol","Mongolia/Hovd","Mongolia/Uvs","Mongolia/Tov","Mongolia/Selenge","Mongolia/Suhbaatar","Mongolia/Omnogovi","Mongolia/Ovorhangay","Mongolia/Dzavhan","Mongolia/DundgovL","Mongolia/Dornod","Mongolia/Dornogov","Mongolia/Govi-Sumber","Mongolia/Govi-Altay","Mongolia/Bulgan","Mongolia/Bayanhongor","Mongolia/Bayan-Olgiy","Mongolia/Arhangay","Montserrat/Saint Anthony","Montserrat/Saint Georges","Montserrat/Saint Peter","Morocco/Agadir","Morocco/Al Hoceima","Morocco/Azilal","Morocco/Beni Mellal","Morocco/Ben Slimane","Morocco/Boulemane","Morocco/Casablanca","Morocco/Chaouen","Morocco/El Jadida","Morocco/El Kelaa des Sraghna","Morocco/Er Rachidia","Morocco/Essaouira","Morocco/Fes","Morocco/Figuig","Morocco/Guelmim","Morocco/Ifrane","Morocco/Kenitra","Morocco/Khemisset","Morocco/Khenifra","Morocco/Khouribga","Morocco/Laayoune","Morocco/Larache","Morocco/Marrakech","Morocco/Meknes","Morocco/Nador","Morocco/Ouarzazate","Morocco/Oujda","Morocco/Rabat-Sale","Morocco/Safi","Morocco/Settat","Morocco/Sidi Kacem","Morocco/Tangier","Morocco/Tan-Tan","Morocco/Taounate","Morocco/Taroudannt","Morocco/Tata","Morocco/Taza","Morocco/Tetouan","Morocco/Tiznit","Morocco/Ad Dakhla","Morocco/Boujdour","Morocco/Es Smara","Mozambique/Cabo Delgado","Mozambique/Gaza","Mozambique/Inhambane","Mozambique/Manica","Mozambique/Maputo (city)","Mozambique/Maputo","Mozambique/Nampula","Mozambique/Niassa","Mozambique/Sofala","Mozambique/Tete","Mozambique/Zambezia","Myanmar/Ayeyarwady","Myanmar/Bago","Myanmar/Magway","Myanmar/Mandalay","Myanmar/Sagaing","Myanmar/Tanintharyi","Myanmar/Yangon","Myanmar/Chin State","Myanmar/Kachin State","Myanmar/Kayah State","Myanmar/Kayin State","Myanmar/Mon State","Myanmar/Rakhine State","Myanmar/Shan State","Namibia/Caprivi","Namibia/Erongo","Namibia/Hardap","Namibia/Karas","Namibia/Kavango","Namibia/Khomas","Namibia/Kunene","Namibia/Ohangwena","Namibia/Omaheke","Namibia/Omusati","Namibia/Oshana","Namibia/Oshikoto","Namibia/Otjozondjupa","Nauru/Aiwo","Nauru/Anabar","Nauru/Anetan","Nauru/Anibare","Nauru/Baiti","Nauru/Boe","Nauru/Buada","Nauru/Denigomodu","Nauru/Ewa","Nauru/Ijuw","Nauru/Meneng","Nauru/Nibok","Nauru/Uaboe","Nauru/Yaren","Nepal/Bagmati","Nepal/Bheri","Nepal/Dhawalagiri","Nepal/Gandaki","Nepal/Janakpur","Nepal/Karnali","Nepal/Kosi","Nepal/Lumbini","Nepal/Mahakali","Nepal/Mechi","Nepal/Narayani","Nepal/Rapti","Nepal/Sagarmatha","Nepal/Seti","Netherlands/Drenthe","Netherlands/Flevoland","Netherlands/Friesland","Netherlands/Gelderland","Netherlands/Groningen","Netherlands/Limburg","Netherlands/Noord Brabant","Netherlands/Noord Holland","Netherlands/Overijssel","Netherlands/Utrecht","Netherlands/Zeeland","Netherlands/Zuid Holland","New Caledonia/Iles Loyaute","New Caledonia/Nord","New Caledonia/Sud","New Zealand/Auckland","New Zealand/Bay of Plenty","New Zealand/Canterbury","New Zealand/Coromandel","New Zealand/Gisborne","New Zealand/Fiordland","New Zealand/Hawke's Bay","New Zealand/Marlborough","New Zealand/Manawatu-Wanganui","New Zealand/Mt Cook-Mackenzie","New Zealand/Nelson","New Zealand/Northland","New Zealand/Otago","New Zealand/Southland","New Zealand/Taranaki","New Zealand/Wellington","New Zealand/Waikato","New Zealand/Wairprarapa","New Zealand/West Coast","Nicaragua/Atlantico Norte","Nicaragua/Atlantico Sur","Nicaragua/Boaco","Nicaragua/Carazo","Nicaragua/Chinandega","Nicaragua/Chontales","Nicaragua/Esteli","Nicaragua/Granada","Nicaragua/Jinotega","Nicaragua/Leon","Nicaragua/Madriz","Nicaragua/Managua","Nicaragua/Masaya","Nicaragua/Matagalpa","Nicaragua/Nuevo Segovia","Nicaragua/Rio San Juan","Nicaragua/Rivas","Niger/Agadez","Niger/Diffa","Niger/Dosso","Niger/Maradi","Niger/Niamey","Niger/Tahoua","Niger/Tillaberi","Niger/Zinder","Nigeria/Abia","Nigeria/Abuja Federal Capital Territory","Nigeria/Adamawa","Nigeria/Akwa Ibom","Nigeria/Anambra","Nigeria/Bauchi","Nigeria/Bayelsa","Nigeria/Benue","Nigeria/Borno","Nigeria/Cross River","Nigeria/Delta","Nigeria/Ebonyi","Nigeria/Edo","Nigeria/Ekiti","Nigeria/Enugu","Nigeria/Gombe","Nigeria/Imo","Nigeria/Jigawa","Nigeria/Kaduna","Nigeria/Kano","Nigeria/Katsina","Nigeria/Kebbi","Nigeria/Kogi","Nigeria/Kwara","Nigeria/Lagos","Nigeria/Nassarawa","Nigeria/Niger","Nigeria/Ogun","Nigeria/Ondo","Nigeria/Osun","Nigeria/Oyo","Nigeria/Plateau","Nigeria/Rivers","Nigeria/Sokoto","Nigeria/Taraba","Nigeria/Yobe","Nigeria/Zamfara","Northern Mariana Islands/Northern Islands","Northern Mariana Islands/Rota","Northern Mariana Islands/Saipan","Northern Mariana Islands/Tinian","Norway/Akershus","Norway/Aust-Agder","Norway/Buskerud","Norway/Finnmark","Norway/Hedmark","Norway/Hordaland","Norway/More og Romdal","Norway/Nord-Trondelag","Norway/Nordland","Norway/Ostfold","Norway/Oppland","Norway/Oslo","Norway/Rogaland","Norway/Sor-Trondelag","Norway/Sogn og Fjordane","Norway/Svalbard","Norway/Telemark","Norway/Troms","Norway/Vest-Agder","Norway/Vestfold","Oman/Ad Dakhiliyah","Oman/Al Batinah","Oman/Al Wusta","Oman/Ash Sharqiyah","Oman/Az Zahirah","Oman/Masqat","Oman/Musandam","Oman/Zufar","Pakistan/Balochistan","Pakistan/Federally Administered Tribal Areas","Pakistan/Islamabad Capital Territory","Pakistan/North-West Frontier","Pakistan/Punjab","Pakistan/Sindh","Palau/Aimeliik","Palau/Airai","Palau/Angaur","Palau/Hatohobei","Palau/Kayangel","Palau/Koror","Palau/Melekeok","Palau/Ngaraard","Palau/Ngarchelong","Palau/Ngardmau","Palau/Ngatpang","Palau/Ngchesar","Palau/Ngeremlengui","Palau/Ngiwal","Palau/Peleliu","Palau/Sonsorol","Panama/Bocas del Toro","Panama/Chiriqui","Panama/Cocle","Panama/Colon","Panama/Darien","Panama/Herrera","Panama/Los Santos","Panama/Panama","Panama/San Blas","Panama/Veraguas","Papua New Guinea/Bougainville","Papua New Guinea/Central","Papua New Guinea/Chimbu","Papua New Guinea/Eastern Highlands","Papua New Guinea/East New Britain","Papua New Guinea/East Sepik","Papua New Guinea/Enga","Papua New Guinea/Gulf","Papua New Guinea/Madang","Papua New Guinea/Manus","Papua New Guinea/Milne Bay","Papua New Guinea/Morobe","Papua New Guinea/National Capital","Papua New Guinea/New Ireland","Papua New Guinea/Northern","Papua New Guinea/Sandaun","Papua New Guinea/Southern Highlands","Papua New Guinea/Western","Papua New Guinea/Western Highlands","Papua New Guinea/West New Britain","Paraguay/Alto Paraguay","Paraguay/Alto Parana","Paraguay/Amambay","Paraguay/Asuncion","Paraguay/Boqueron","Paraguay/Caaguazu","Paraguay/Caazapa","Paraguay/Canindeyu","Paraguay/Central","Paraguay/Concepcion","Paraguay/Cordillera","Paraguay/Guaira","Paraguay/Itapua","Paraguay/Misiones","Paraguay/Neembucu","Paraguay/Paraguari","Paraguay/Presidente Hayes","Paraguay/San Pedro","Peru/Amazonas","Peru/Ancash","Peru/Apurimac","Peru/Arequipa","Peru/Ayacucho","Peru/Cajamarca","Peru/Callao","Peru/Cusco","Peru/Huancavelica","Peru/Huanuco","Peru/Ica","Peru/Junin","Peru/La Libertad","Peru/Lambayeque","Peru/Lima","Peru/Loreto","Peru/Madre de Dios","Peru/Moquegua","Peru/Pasco","Peru/Piura","Peru/Puno","Peru/San Martin","Peru/Tacna","Peru/Tumbes","Peru/Ucayali","Philippines/Abra","Philippines/Agusan del Norte","Philippines/Agusan del Sur","Philippines/Aklan","Philippines/Albay","Philippines/Antique","Philippines/Apayao","Philippines/Aurora","Philippines/Basilan","Philippines/Bataan","Philippines/Batanes","Philippines/Batangas","Philippines/Biliran","Philippines/Benguet","Philippines/Bohol","Philippines/Bukidnon","Philippines/Bulacan","Philippines/Cagayan","Philippines/Camarines Norte","Philippines/Camarines Sur","Philippines/Camiguin","Philippines/Capiz","Philippines/Catanduanes","Philippines/Cavite","Philippines/Cebu","Philippines/Compostela","Philippines/Davao del Norte","Philippines/Davao del Sur","Philippines/Davao Oriental","Philippines/Eastern Samar","Philippines/Guimaras","Philippines/Ifugao","Philippines/Ilocos Norte","Philippines/Ilocos Sur","Philippines/Iloilo","Philippines/Isabela","Philippines/Kalinga","Philippines/Laguna","Philippines/Lanao del Norte","Philippines/Lanao del Sur","Philippines/La Union","Philippines/Leyte","Philippines/Maguindanao","Philippines/Marinduque","Philippines/Masbate","Philippines/Mindoro Occidental","Philippines/Mindoro Oriental","Philippines/Misamis Occidental","Philippines/Misamis Oriental","Philippines/Mountain","Philippines/Negros Occidental","Philippines/Negros Oriental","Philippines/North Cotabato","Philippines/Northern Samar","Philippines/Nueva Ecija","Philippines/Nueva Vizcaya","Philippines/Palawan","Philippines/Pampanga","Philippines/Pangasinan","Philippines/Quezon","Philippines/Quirino","Philippines/Rizal","Philippines/Romblon","Philippines/Samar","Philippines/Sarangani","Philippines/Siquijor","Philippines/Sorsogon","Philippines/South Cotabato","Philippines/Southern Leyte","Philippines/Sultan Kudarat","Philippines/Sulu","Philippines/Surigao del Norte","Philippines/Surigao del Sur","Philippines/Tarlac","Philippines/Tawi-Tawi","Philippines/Zambales","Philippines/Zamboanga del Norte","Philippines/Zamboanga del Sur","Philippines/Zamboanga Sibugay","Poland/Dolnoslaskie","Poland/Kujawsko-Pomorskie","Poland/Lodzkie","Poland/Lubelskie","Poland/Lubuskie","Poland/Malopolskie","Poland/Mazowieckie","Poland/Opolskie","Poland/Podkarpackie","Poland/Podlaskie","Poland/Pomorskie","Poland/Slaskie","Poland/Swietokrzyskie","Poland/Warminsko-Mazurskie","Poland/Wielkopolskie","Poland/Zachodniopomorskie","Portugal/A&amp;ccedil;ores","Portugal/Aveiro","Portugal/Beja","Portugal/Braga","Portugal/Bragan&amp;ccedil;a","Portugal/Castelo Branco","Portugal/Coimbra","Portugal/&amp;Eacute;vora","Portugal/Faro","Portugal/Guarda","Portugal/Leiria","Portugal/Lisboa","Portugal/Madeira","Portugal/Portalegre","Portugal/Porto","Portugal/Santar&amp;eacute;m","Portugal/Set&amp;uacute;bal","Portugal/Viana do Castelo","Portugal/Vila Real","Portugal/Viseu","Qatar/Ad Dawhah","Qatar/Al Ghuwayriyah","Qatar/Al Jumayliyah","Qatar/Al Khawr","Qatar/Al Wakrah","Qatar/Ar Rayyan","Qatar/Jarayan al Batinah","Qatar/Madinat ash Shamal","Qatar/Umm Sa'id","Qatar/Umm Salal","Romania/Alba","Romania/Arad","Romania/Arges","Romania/Bacau","Romania/Bihor","Romania/Bistrita-Nasaud","Romania/Botosani","Romania/Brasov","Romania/Braila","Romania/Bucuresti","Romania/Buzau","Romania/Caras-Severin","Romania/Calarasi","Romania/Cluj","Romania/Constanta","Romania/Covasna","Romania/Dimbovita","Romania/Dolj","Romania/Galati","Romania/Giurgiu","Romania/Gorj","Romania/Harghita","Romania/Hunedoara","Romania/Ialomita","Romania/Iasi","Romania/Ilfov","Romania/Maramures","Romania/Mehedinti","Romania/Mures","Romania/Neamt","Romania/Olt","Romania/Prahova","Romania/Satu-Mare","Romania/Salaj","Romania/Sibiu","Romania/Suceava","Romania/Teleorman","Romania/Timis","Romania/Tulcea","Romania/Vaslui","Romania/Valcea","Romania/Vrancea","Russian Federation/Abakan","Russian Federation/Aginskoye","Russian Federation/Anadyr","Russian Federation/Arkahangelsk","Russian Federation/Astrakhan","Russian Federation/Barnaul","Russian Federation/Belgorod","Russian Federation/Birobidzhan","Russian Federation/Blagoveshchensk","Russian Federation/Bryansk","Russian Federation/Cheboksary","Russian Federation/Chelyabinsk","Russian Federation/Cherkessk","Russian Federation/Chita","Russian Federation/Dudinka","Russian Federation/Elista","Russian Federation/Gomo-Altaysk","Russian Federation/Gorno-Altaysk","Russian Federation/Groznyy","Russian Federation/Irkutsk","Russian Federation/Ivanovo","Russian Federation/Izhevsk","Russian Federation/Kalinigrad","Russian Federation/Kaluga","Russian Federation/Kasnodar","Russian Federation/Kazan","Russian Federation/Kemerovo","Russian Federation/Khabarovsk","Russian Federation/Khanty-Mansiysk","Russian Federation/Kostroma","Russian Federation/Krasnodar","Russian Federation/Krasnoyarsk","Russian Federation/Kudymkar","Russian Federation/Kurgan","Russian Federation/Kursk","Russian Federation/Kyzyl","Russian Federation/Lipetsk","Russian Federation/Magadan","Russian Federation/Makhachkala","Russian Federation/Maykop","Russian Federation/Moscow","Russian Federation/Murmansk","Russian Federation/Nalchik","Russian Federation/Naryan Mar","Russian Federation/Nazran","Russian Federation/Nizhniy Novgorod","Russian Federation/Novgorod","Russian Federation/Novosibirsk","Russian Federation/Omsk","Russian Federation/Orel","Russian Federation/Orenburg","Russian Federation/Palana","Russian Federation/Penza","Russian Federation/Perm","Russian Federation/Petropavlovsk-Kamchatskiy","Russian Federation/Petrozavodsk","Russian Federation/Pskov","Russian Federation/Rostov-na-Donu","Russian Federation/Ryazan","Russian Federation/Salekhard","Russian Federation/Samara","Russian Federation/Saransk","Russian Federation/Saratov","Russian Federation/Smolensk","Russian Federation/St. Petersburg","Russian Federation/Stavropol","Russian Federation/Syktyvkar","Russian Federation/Tambov","Russian Federation/Tomsk","Russian Federation/Tula","Russian Federation/Tura","Russian Federation/Tver","Russian Federation/Tyumen","Russian Federation/Ufa","Russian Federation/Ul'yanovsk","Russian Federation/Ulan-Ude","Russian Federation/Ust'-Ordynskiy","Russian Federation/Vladikavkaz","Russian Federation/Vladimir","Russian Federation/Vladivostok","Russian Federation/Volgograd","Russian Federation/Vologda","Russian Federation/Voronezh","Russian Federation/Vyatka","Russian Federation/Yakutsk","Russian Federation/Yaroslavl","Russian Federation/Yekaterinburg","Russian Federation/Yoshkar-Ola","Rwanda/Butare","Rwanda/Byumba","Rwanda/Cyangugu","Rwanda/Gikongoro","Rwanda/Gisenyi","Rwanda/Gitarama","Rwanda/Kibungo","Rwanda/Kibuye","Rwanda/Kigali Rurale","Rwanda/Kigali-ville","Rwanda/Ruhengeri","Rwanda/Umutara","Saint Kitts and Nevis/Christ Church Nichola Town","Saint Kitts and Nevis/Saint Anne Sandy Point","Saint Kitts and Nevis/Saint George Basseterre","Saint Kitts and Nevis/Saint George Gingerland","Saint Kitts and Nevis/Saint James Windward","Saint Kitts and Nevis/Saint John Capesterre","Saint Kitts and Nevis/Saint John Figtree","Saint Kitts and Nevis/Saint Mary Cayon","Saint Kitts and Nevis/Saint Paul Capesterre","Saint Kitts and Nevis/Saint Paul Charlestown","Saint Kitts and Nevis/Saint Peter Basseterre","Saint Kitts and Nevis/Saint Thomas Lowland","Saint Kitts and Nevis/Saint Thomas Middle Island","Saint Kitts and Nevis/Trinity Palmetto Point","Saint Lucia/Anse-la-Raye","Saint Lucia/Castries","Saint Lucia/Choiseul","Saint Lucia/Dauphin","Saint Lucia/Dennery","Saint Lucia/Gros-Islet","Saint Lucia/Laborie","Saint Lucia/Micoud","Saint Lucia/Praslin","Saint Lucia/Soufriere","Saint Lucia/Vieux-Fort","Saint Vincent and the Grenadines/Charlotte","Saint Vincent and the Grenadines/Grenadines","Saint Vincent and the Grenadines/Saint Andrew","Saint Vincent and the Grenadines/Saint David","Saint Vincent and the Grenadines/Saint George","Saint Vincent and the Grenadines/Saint Patrick","Samoa/A'ana","Samoa/Aiga-i-le-Tai","Samoa/Atua","Samoa/Fa'asaleleaga","Samoa/Gaga'emauga","Samoa/Gagaifomauga","Samoa/Palauli","Samoa/Satupa'itea","Samoa/Tuamasaga","Samoa/Va'a-o-Fonoti","Samoa/Vaisigano","San Marino/Acquaviva","San Marino/Borgo Maggiore","San Marino/Chiesanuova","San Marino/Domagnano","San Marino/Faetano","San Marino/Fiorentino","San Marino/Montegiardino","San Marino/Citta di San Marino","San Marino/Serravalle","Sao Tome and Principe/Sao Tome","Sao Tome and Principe/Principe","Saudi Arabia/Al Bahah","Saudi Arabia/Al Hudud ash Shamaliyah","Saudi Arabia/Al Jawf","Saudi Arabia/Al Madinah","Saudi Arabia/Al Qasim","Saudi Arabia/Ar Riyad","Saudi Arabia/Ash Sharqiyah (Eastern)","Saudi Arabia/'Asir","Saudi Arabia/Ha'il","Saudi Arabia/Jizan","Saudi Arabia/Makkah","Saudi Arabia/Najran","Saudi Arabia/Tabuk","Senegal/Dakar","Senegal/Diourbel","Senegal/Fatick","Senegal/Kaolack","Senegal/Kolda","Senegal/Louga","Senegal/Matam","Senegal/Saint-Louis","Senegal/Tambacounda","Senegal/Thies","Senegal/Ziguinchor","Seychelles/Anse aux Pins","Seychelles/Anse Boileau","Seychelles/Anse Etoile","Seychelles/Anse Louis","Seychelles/Anse Royale","Seychelles/Baie Lazare","Seychelles/Baie Sainte Anne","Seychelles/Beau Vallon","Seychelles/Bel Air","Seychelles/Bel Ombre","Seychelles/Cascade","Seychelles/Glacis","Seychelles/Grand' Anse (on Mahe)","Seychelles/Grand' Anse (on Praslin)","Seychelles/La Digue","Seychelles/La Riviere Anglaise","Seychelles/Mont Buxton","Seychelles/Mont Fleuri","Seychelles/Plaisance","Seychelles/Pointe La Rue","Seychelles/Port Glaud","Seychelles/Saint Louis","Seychelles/Takamaka","Sierra Leone/Eastern","Sierra Leone/Northern","Sierra Leone/Southern","Sierra Leone/Western","Slovak Republic/Banskobystrický","Slovak Republic/Bratislavský","Slovak Republic/Košický","Slovak Republic/Nitriansky","Slovak Republic/Prešovský","Slovak Republic/Trenčiansky","Slovak Republic/Trnavský","Slovak Republic/Žilinský","Slovenia/Pomurska","Slovenia/Podravska","Slovenia/Koroška","Slovenia/Savinjska","Slovenia/Zasavska","Slovenia/Spodnjeposavska","Slovenia/Jugovzhodna Slovenija","Slovenia/Osrednjeslovenska","Slovenia/Gorenjska","Slovenia/Notranjsko-kraška","Slovenia/Goriška","Slovenia/Obalno-kraška","Solomon Islands/Central","Solomon Islands/Choiseul","Solomon Islands/Guadalcanal","Solomon Islands/Honiara","Solomon Islands/Isabel","Solomon Islands/Makira","Solomon Islands/Malaita","Solomon Islands/Rennell and Bellona","Solomon Islands/Temotu","Solomon Islands/Western","Somalia/Awdal","Somalia/Bakool","Somalia/Banaadir","Somalia/Bari","Somalia/Bay","Somalia/Galguduud","Somalia/Gedo","Somalia/Hiiraan","Somalia/Jubbada Dhexe","Somalia/Jubbada Hoose","Somalia/Mudug","Somalia/Nugaal","Somalia/Sanaag","Somalia/Shabeellaha Dhexe","Somalia/Shabeellaha Hoose","Somalia/Sool","Somalia/Togdheer","Somalia/Woqooyi Galbeed","South Africa/Eastern Cape","South Africa/Free State","South Africa/Gauteng","South Africa/KwaZulu-Natal","South Africa/Limpopo","South Africa/Mpumalanga","South Africa/North West","South Africa/Northern Cape","South Africa/Western Cape","Spain/La Coru&amp;ntilde;a","Spain/&amp;Aacute;lava","Spain/Albacete","Spain/Alicante","Spain/Almeria","Spain/Asturias","Spain/&amp;Aacute;vila","Spain/Badajoz","Spain/Baleares","Spain/Barcelona","Spain/Burgos","Spain/C&amp;aacute;ceres","Spain/C&amp;aacute;diz","Spain/Cantabria","Spain/Castell&amp;oacute;n","Spain/Ceuta","Spain/Ciudad Real","Spain/C&amp;oacute;rdoba","Spain/Cuenca","Spain/Girona","Spain/Granada","Spain/Guadalajara","Spain/Guip&amp;uacute;zcoa","Spain/Huelva","Spain/Huesca","Spain/Ja&amp;eacute;n","Spain/La Rioja","Spain/Las Palmas","Spain/Leon","Spain/Lleida","Spain/Lugo","Spain/Madrid","Spain/Malaga","Spain/Melilla","Spain/Murcia","Spain/Navarra","Spain/Ourense","Spain/Palencia","Spain/Pontevedra","Spain/Salamanca","Spain/Santa Cruz de Tenerife","Spain/Segovia","Spain/Sevilla","Spain/Soria","Spain/Tarragona","Spain/Teruel","Spain/Toledo","Spain/Valencia","Spain/Valladolid","Spain/Vizcaya","Spain/Zamora","Spain/Zaragoza","Sri Lanka/Central","Sri Lanka/Eastern","Sri Lanka/North Central","Sri Lanka/Northern","Sri Lanka/North Western","Sri Lanka/Sabaragamuwa","Sri Lanka/Southern","Sri Lanka/Uva","Sri Lanka/Western","St. Helena/Ascension","St. Helena/Saint Helena","St. Helena/Tristan da Cunha","St. Pierre and Miquelon/Saint Pierre","St. Pierre and Miquelon/Miquelon","Sudan/A'ali an Nil","Sudan/Al Bahr al Ahmar","Sudan/Al Buhayrat","Sudan/Al Jazirah","Sudan/Al Khartum","Sudan/Al Qadarif","Sudan/Al Wahdah","Sudan/An Nil al Abyad","Sudan/An Nil al Azraq","Sudan/Ash Shamaliyah","Sudan/Bahr al Jabal","Sudan/Gharb al Istiwa'iyah","Sudan/Gharb Bahr al Ghazal","Sudan/Gharb Darfur","Sudan/Gharb Kurdufan","Sudan/Janub Darfur","Sudan/Janub Kurdufan","Sudan/Junqali","Sudan/Kassala","Sudan/Nahr an Nil","Sudan/Shamal Bahr al Ghazal","Sudan/Shamal Darfur","Sudan/Shamal Kurdufan","Sudan/Sharq al Istiwa'iyah","Sudan/Sinnar","Sudan/Warab","Suriname/Brokopondo","Suriname/Commewijne","Suriname/Coronie","Suriname/Marowijne","Suriname/Nickerie","Suriname/Para","Suriname/Paramaribo","Suriname/Saramacca","Suriname/Sipaliwini","Suriname/Wanica","Swaziland/Hhohho","Swaziland/Lubombo","Swaziland/Manzini","Swaziland/Shishelweni","Sweden/Blekinge","Sweden/Dalarna","Sweden/G&amp;auml;vleborg","Sweden/Gotland","Sweden/Halland","Sweden/J&amp;auml;mtland","Sweden/J&amp;ouml;nk&amp;ouml;ping","Sweden/Kalmar","Sweden/Kronoberg","Sweden/Norrbotten","Sweden/&amp;Ouml;rebro","Sweden/&amp;Ouml;sterg&amp;ouml;tland","Sweden/Sk&amp;aring;ne","Sweden/S&amp;ouml;dermanland","Sweden/Stockholm","Sweden/Uppsala","Sweden/V&amp;auml;rmland","Sweden/V&amp;auml;sterbotten","Sweden/V&amp;auml;sternorrland","Sweden/V&amp;auml;stmanland","Sweden/V&amp;auml;stra G&amp;ouml;taland","Switzerland/Aargau","Switzerland/Appenzell Ausserrhoden","Switzerland/Appenzell Innerrhoden","Switzerland/Basel-Stadt","Switzerland/Basel-Landschaft","Switzerland/Bern","Switzerland/Fribourg","Switzerland/Gen&amp;egrave;ve","Switzerland/Glarus","Switzerland/Graub&amp;uuml;nden","Switzerland/Jura","Switzerland/Luzern","Switzerland/Neuch&amp;acirc;tel","Switzerland/Nidwald","Switzerland/Obwald","Switzerland/St. Gallen","Switzerland/Schaffhausen","Switzerland/Schwyz","Switzerland/Solothurn","Switzerland/Thurgau","Switzerland/Ticino","Switzerland/Uri","Switzerland/Valais","Switzerland/Vaud","Switzerland/Zug","Switzerland/Z&amp;uuml;rich","Syrian Arab Republic/Al Hasakah","Syrian Arab Republic/Al Ladhiqiyah","Syrian Arab Republic/Al Qunaytirah","Syrian Arab Republic/Ar Raqqah","Syrian Arab Republic/As Suwayda","Syrian Arab Republic/Dara","Syrian Arab Republic/Dayr az Zawr","Syrian Arab Republic/Dimashq","Syrian Arab Republic/Halab","Syrian Arab Republic/Hamah","Syrian Arab Republic/Hims","Syrian Arab Republic/Idlib","Syrian Arab Republic/Rif Dimashq","Syrian Arab Republic/Tartus","Taiwan/Chang-hua","Taiwan/Chia-i","Taiwan/Hsin-chu","Taiwan/Hua-lien","Taiwan/I-lan","Taiwan/Kao-hsiung county","Taiwan/Kin-men","Taiwan/Lien-chiang","Taiwan/Miao-li","Taiwan/Nan-t'ou","Taiwan/P'eng-hu","Taiwan/P'ing-tung","Taiwan/T'ai-chung","Taiwan/T'ai-nan","Taiwan/T'ai-pei county","Taiwan/T'ai-tung","Taiwan/T'ao-yuan","Taiwan/Yun-lin","Taiwan/Chia-i city","Taiwan/Chi-lung","Taiwan/Kao-hsiung city","Taiwan/T'ai-pei city","Tajikistan/Gorno-Badakhstan","Tajikistan/Khatlon","Tajikistan/Sughd","Tanzania, United Republic of/Arusha","Tanzania, United Republic of/Dar es Salaam","Tanzania, United Republic of/Dodoma","Tanzania, United Republic of/Iringa","Tanzania, United Republic of/Kagera","Tanzania, United Republic of/Kigoma","Tanzania, United Republic of/Kilimanjaro","Tanzania, United Republic of/Lindi","Tanzania, United Republic of/Manyara","Tanzania, United Republic of/Mara","Tanzania, United Republic of/Mbeya","Tanzania, United Republic of/Morogoro","Tanzania, United Republic of/Mtwara","Tanzania, United Republic of/Mwanza","Tanzania, United Republic of/Pemba North","Tanzania, United Republic of/Pemba South","Tanzania, United Republic of/Pwani","Tanzania, United Republic of/Rukwa","Tanzania, United Republic of/Ruvuma","Tanzania, United Republic of/Shinyanga","Tanzania, United Republic of/Singida","Tanzania, United Republic of/Tabora","Tanzania, United Republic of/Tanga","Tanzania, United Republic of/Zanzibar Central/South","Tanzania, United Republic of/Zanzibar North","Tanzania, United Republic of/Zanzibar Urban/West","Thailand/Amnat Charoen","Thailand/Ang Thong","Thailand/Ayutthaya","Thailand/Bangkok","Thailand/Buriram","Thailand/Chachoengsao","Thailand/Chai Nat","Thailand/Chaiyaphum","Thailand/Chanthaburi","Thailand/Chiang Mai","Thailand/Chiang Rai","Thailand/Chon Buri","Thailand/Chumphon","Thailand/Kalasin","Thailand/Kamphaeng Phet","Thailand/Kanchanaburi","Thailand/Khon Kaen","Thailand/Krabi","Thailand/Lampang","Thailand/Lamphun","Thailand/Loei","Thailand/Lop Buri","Thailand/Mae Hong Son","Thailand/Maha Sarakham","Thailand/Mukdahan","Thailand/Nakhon Nayok","Thailand/Nakhon Pathom","Thailand/Nakhon Phanom","Thailand/Nakhon Ratchasima","Thailand/Nakhon Sawan","Thailand/Nakhon Si Thammarat","Thailand/Nan","Thailand/Narathiwat","Thailand/Nong Bua Lamphu","Thailand/Nong Khai","Thailand/Nonthaburi","Thailand/Pathum Thani","Thailand/Pattani","Thailand/Phangnga","Thailand/Phatthalung","Thailand/Phayao","Thailand/Phetchabun","Thailand/Phetchaburi","Thailand/Phichit","Thailand/Phitsanulok","Thailand/Phrae","Thailand/Phuket","Thailand/Prachin Buri","Thailand/Prachuap Khiri Khan","Thailand/Ranong","Thailand/Ratchaburi","Thailand/Rayong","Thailand/Roi Et","Thailand/Sa Kaeo","Thailand/Sakon Nakhon","Thailand/Samut Prakan","Thailand/Samut Sakhon","Thailand/Samut Songkhram","Thailand/Sara Buri","Thailand/Satun","Thailand/Sing Buri","Thailand/Sisaket","Thailand/Songkhla","Thailand/Sukhothai","Thailand/Suphan Buri","Thailand/Surat Thani","Thailand/Surin","Thailand/Tak","Thailand/Trang","Thailand/Trat","Thailand/Ubon Ratchathani","Thailand/Udon Thani","Thailand/Uthai Thani","Thailand/Uttaradit","Thailand/Yala","Thailand/Yasothon","Togo/Kara","Togo/Plateaux","Togo/Savanes","Togo/Centrale","Togo/Maritime","Tokelau/Atafu","Tokelau/Fakaofo","Tokelau/Nukunonu","Tonga/Ha'apai","Tonga/Tongatapu","Tonga/Vava'u","Trinidad and Tobago/Couva/Tabaquite/Talparo","Trinidad and Tobago/Diego Martin","Trinidad and Tobago/Mayaro/Rio Claro","Trinidad and Tobago/Penal/Debe","Trinidad and Tobago/Princes Town","Trinidad and Tobago/Sangre Grande","Trinidad and Tobago/San Juan/Laventille","Trinidad and Tobago/Siparia","Trinidad and Tobago/Tunapuna/Piarco","Trinidad and Tobago/Port of Spain","Trinidad and Tobago/San Fernando","Trinidad and Tobago/Arima","Trinidad and Tobago/Point Fortin","Trinidad and Tobago/Chaguanas","Trinidad and Tobago/Tobago","Tunisia/Ariana","Tunisia/Beja","Tunisia/Ben Arous","Tunisia/Bizerte","Tunisia/Gabes","Tunisia/Gafsa","Tunisia/Jendouba","Tunisia/Kairouan","Tunisia/Kasserine","Tunisia/Kebili","Tunisia/Kef","Tunisia/Mahdia","Tunisia/Manouba","Tunisia/Medenine","Tunisia/Monastir","Tunisia/Nabeul","Tunisia/Sfax","Tunisia/Sidi","Tunisia/Siliana","Tunisia/Sousse","Tunisia/Tataouine","Tunisia/Tozeur","Tunisia/Tunis","Tunisia/Zaghouan","Turkey/Adana","Turkey/Adıyaman","Turkey/Afyonkarahisar","Turkey/Ağrı","Turkey/Aksaray","Turkey/Amasya","Turkey/Ankara","Turkey/Antalya","Turkey/Ardahan","Turkey/Artvin","Turkey/Aydın","Turkey/Balıkesir","Turkey/Bartın","Turkey/Batman","Turkey/Bayburt","Turkey/Bilecik","Turkey/Bingöl","Turkey/Bitlis","Turkey/Bolu","Turkey/Burdur","Turkey/Bursa","Turkey/Çanakkale","Turkey/Çankırı","Turkey/Çorum","Turkey/Denizli","Turkey/Diyarbakir","Turkey/Düzce","Turkey/Edirne","Turkey/Elazig","Turkey/Erzincan","Turkey/Erzurum","Turkey/Eskişehir","Turkey/Gaziantep","Turkey/Giresun","Turkey/Gümüşhane","Turkey/Hakkari","Turkey/Hatay","Turkey/Iğdır","Turkey/Isparta","Turkey/İstanbul","Turkey/İzmir","Turkey/Kahramanmaraş","Turkey/Karabük","Turkey/Karaman","Turkey/Kars","Turkey/Kastamonu","Turkey/Kayseri","Turkey/Kilis","Turkey/Kirikkale","Turkey/Kirklareli","Turkey/Kirsehir","Turkey/Kocaeli","Turkey/Konya","Turkey/Kütahya","Turkey/Malatya","Turkey/Manisa","Turkey/Mardin","Turkey/Mersin","Turkey/Muğla","Turkey/Muş","Turkey/Nevşehir","Turkey/Niğde","Turkey/Ordu","Turkey/Osmaniye","Turkey/Rize","Turkey/Sakarya","Turkey/Samsun","Turkey/Şanlıurfa","Turkey/Siirt","Turkey/Sinop","Turkey/Şırnak","Turkey/Sivas","Turkey/Tekirdağ","Turkey/Tokat","Turkey/Trabzon","Turkey/Tunceli","Turkey/Uşak","Turkey/Van","Turkey/Yalova","Turkey/Yozgat","Turkey/Zonguldak","Turkmenistan/Ahal Welayaty","Turkmenistan/Balkan Welayaty","Turkmenistan/Dashhowuz Welayaty","Turkmenistan/Lebap Welayaty","Turkmenistan/Mary Welayaty","Turks and Caicos Islands/Ambergris Cays","Turks and Caicos Islands/Dellis Cay","Turks and Caicos Islands/French Cay","Turks and Caicos Islands/Little Water Cay","Turks and Caicos Islands/Parrot Cay","Turks and Caicos Islands/Pine Cay","Turks and Caicos Islands/Salt Cay","Turks and Caicos Islands/Grand Turk","Turks and Caicos Islands/South Caicos","Turks and Caicos Islands/East Caicos","Turks and Caicos Islands/Middle Caicos","Turks and Caicos Islands/North Caicos","Turks and Caicos Islands/Providenciales","Turks and Caicos Islands/West Caicos","Tuvalu/Nanumanga","Tuvalu/Niulakita","Tuvalu/Niutao","Tuvalu/Funafuti","Tuvalu/Nanumea","Tuvalu/Nui","Tuvalu/Nukufetau","Tuvalu/Nukulaelae","Tuvalu/Vaitupu","Uganda/Kalangala","Uganda/Kampala","Uganda/Kayunga","Uganda/Kiboga","Uganda/Luwero","Uganda/Masaka","Uganda/Mpigi","Uganda/Mubende","Uganda/Mukono","Uganda/Nakasongola","Uganda/Rakai","Uganda/Sembabule","Uganda/Wakiso","Uganda/Bugiri","Uganda/Busia","Uganda/Iganga","Uganda/Jinja","Uganda/Kaberamaido","Uganda/Kamuli","Uganda/Kapchorwa","Uganda/Katakwi","Uganda/Kumi","Uganda/Mayuge","Uganda/Mbale","Uganda/Pallisa","Uganda/Sironko","Uganda/Soroti","Uganda/Tororo","Uganda/Adjumani","Uganda/Apac","Uganda/Arua","Uganda/Gulu","Uganda/Kitgum","Uganda/Kotido","Uganda/Lira","Uganda/Moroto","Uganda/Moyo","Uganda/Nakapiripirit","Uganda/Nebbi","Uganda/Pader","Uganda/Yumbe","Uganda/Bundibugyo","Uganda/Bushenyi","Uganda/Hoima","Uganda/Kabale","Uganda/Kabarole","Uganda/Kamwenge","Uganda/Kanungu","Uganda/Kasese","Uganda/Kibaale","Uganda/Kisoro","Uganda/Kyenjojo","Uganda/Masindi","Uganda/Mbarara","Uganda/Ntungamo","Uganda/Rukungiri","Ukraine/Cherkasy","Ukraine/Chernihiv","Ukraine/Chernivtsi","Ukraine/Crimea","Ukraine/Dnipropetrovs'k","Ukraine/Donets'k","Ukraine/Ivano-Frankivs'k","Ukraine/Kharkiv Kherson","Ukraine/Khmel'nyts'kyy","Ukraine/Kirovohrad","Ukraine/Kiev","Ukraine/Kyyiv","Ukraine/Luhans'k","Ukraine/L'viv","Ukraine/Mykolayiv","Ukraine/Odesa","Ukraine/Poltava","Ukraine/Rivne","Ukraine/Sevastopol","Ukraine/Sumy","Ukraine/Ternopil'","Ukraine/Vinnytsya","Ukraine/Volyn'","Ukraine/Zakarpattya","Ukraine/Zaporizhzhya","Ukraine/Zhytomyr","United Arab Emirates/Abu Zaby","United Arab Emirates/'Ajman","United Arab Emirates/Al Fujayrah","United Arab Emirates/Ash Shariqah","United Arab Emirates/Dubayy","United Arab Emirates/R'as al Khaymah","United Arab Emirates/Umm al Qaywayn","United Kingdom/Aberdeen","United Kingdom/Aberdeenshire","United Kingdom/Anglesey","United Kingdom/Angus","United Kingdom/Argyll and Bute","United Kingdom/Bedfordshire","United Kingdom/Berkshire","United Kingdom/Blaenau Gwent","United Kingdom/Bridgend","United Kingdom/Bristol","United Kingdom/Buckinghamshire","United Kingdom/Caerphilly","United Kingdom/Cambridgeshire","United Kingdom/Cardiff","United Kingdom/Carmarthenshire","United Kingdom/Ceredigion","United Kingdom/Cheshire","United Kingdom/Clackmannanshire","United Kingdom/Conwy","United Kingdom/Cornwall","United Kingdom/Denbighshire","United Kingdom/Derbyshire","United Kingdom/Devon","United Kingdom/Dorset","United Kingdom/Dumfries and Galloway","United Kingdom/Dundee","United Kingdom/Durham","United Kingdom/East Ayrshire","United Kingdom/East Dunbartonshire","United Kingdom/East Lothian","United Kingdom/East Renfrewshire","United Kingdom/East Riding of Yorkshire","United Kingdom/East Sussex","United Kingdom/Edinburgh","United Kingdom/Essex","United Kingdom/Falkirk","United Kingdom/Fife","United Kingdom/Flintshire","United Kingdom/Glasgow","United Kingdom/Gloucestershire","United Kingdom/Greater London","United Kingdom/Greater Manchester","United Kingdom/Gwynedd","United Kingdom/Hampshire","United Kingdom/Herefordshire","United Kingdom/Hertfordshire","United Kingdom/Highlands","United Kingdom/Inverclyde","United Kingdom/Isle of Wight","United Kingdom/Kent","United Kingdom/Lancashire","United Kingdom/Leicestershire","United Kingdom/Lincolnshire","United Kingdom/Merseyside","United Kingdom/Merthyr Tydfil","United Kingdom/Midlothian","United Kingdom/Monmouthshire","United Kingdom/Moray","United Kingdom/Neath Port Talbot","United Kingdom/Newport","United Kingdom/Norfolk","United Kingdom/North Ayrshire","United Kingdom/North Lanarkshire","United Kingdom/North Yorkshire","United Kingdom/Northamptonshire","United Kingdom/Northumberland","United Kingdom/Nottinghamshire","United Kingdom/Orkney Islands","United Kingdom/Oxfordshire","United Kingdom/Pembrokeshire","United Kingdom/Perth and Kinross","United Kingdom/Powys","United Kingdom/Renfrewshire","United Kingdom/Rhondda Cynon Taff","United Kingdom/Rutland","United Kingdom/Scottish Borders","United Kingdom/Shetland Islands","United Kingdom/Shropshire","United Kingdom/Somerset","United Kingdom/South Ayrshire","United Kingdom/South Lanarkshire","United Kingdom/South Yorkshire","United Kingdom/Staffordshire","United Kingdom/Stirling","United Kingdom/Suffolk","United Kingdom/Surrey","United Kingdom/Swansea","United Kingdom/Torfaen","United Kingdom/Tyne and Wear","United Kingdom/Vale of Glamorgan","United Kingdom/Warwickshire","United Kingdom/West Dunbartonshire","United Kingdom/West Lothian","United Kingdom/West Midlands","United Kingdom/West Sussex","United Kingdom/West Yorkshire","United Kingdom/Western Isles","United Kingdom/Wiltshire","United Kingdom/Worcestershire","United Kingdom/Wrexham","United Kingdom/County Antrim","United Kingdom/County Armagh","United Kingdom/County Down","United Kingdom/County Fermanagh","United Kingdom/County Londonderry","United Kingdom/County Tyrone","United Kingdom/Cumbria","United States/Alabama","United States/Alaska","United States/American Samoa","United States/Arizona","United States/Arkansas","United States/Armed Forces Africa","United States/Armed Forces Americas","United States/Armed Forces Canada","United States/Armed Forces Europe","United States/Armed Forces Middle East","United States/Armed Forces Pacific","United States/California","United States/Colorado","United States/Connecticut","United States/Delaware","United States/District of Columbia","United States/Federated States Of Micronesia","United States/Florida","United States/Georgia","United States/Guam","United States/Hawaii","United States/Idaho","United States/Illinois","United States/Indiana","United States/Iowa","United States/Kansas","United States/Kentucky","United States/Louisiana","United States/Maine","United States/Marshall Islands","United States/Maryland","United States/Massachusetts","United States/Michigan","United States/Minnesota","United States/Mississippi","United States/Missouri","United States/Montana","United States/Nebraska","United States/Nevada","United States/New Hampshire","United States/New Jersey","United States/New Mexico","United States/New York","United States/North Carolina","United States/North Dakota","United States/Northern Mariana Islands","United States/Ohio","United States/Oklahoma","United States/Oregon","United States/Palau","United States/Pennsylvania","United States/Puerto Rico","United States/Rhode Island","United States/South Carolina","United States/South Dakota","United States/Tennessee","United States/Texas","United States/Utah","United States/Vermont","United States/Virgin Islands","United States/Virginia","United States/Washington","United States/West Virginia","United States/Wisconsin","United States/Wyoming","United States Minor Outlying Islands/Baker Island","United States Minor Outlying Islands/Howland Island","United States Minor Outlying Islands/Jarvis Island","United States Minor Outlying Islands/Johnston Atoll","United States Minor Outlying Islands/Kingman Reef","United States Minor Outlying Islands/Midway Atoll","United States Minor Outlying Islands/Navassa Island","United States Minor Outlying Islands/Palmyra Atoll","United States Minor Outlying Islands/Wake Island","Uruguay/Artigas","Uruguay/Canelones","Uruguay/Cerro Largo","Uruguay/Colonia","Uruguay/Durazno","Uruguay/Flores","Uruguay/Florida","Uruguay/Lavalleja","Uruguay/Maldonado","Uruguay/Montevideo","Uruguay/Paysandu","Uruguay/Rio Negro","Uruguay/Rivera","Uruguay/Rocha","Uruguay/Salto","Uruguay/San Jose","Uruguay/Soriano","Uruguay/Tacuarembo","Uruguay/Treinta y Tres","Uzbekistan/Andijon","Uzbekistan/Buxoro","Uzbekistan/Farg'ona","Uzbekistan/Jizzax","Uzbekistan/Namangan","Uzbekistan/Navoiy","Uzbekistan/Qashqadaryo","Uzbekistan/Qoraqalpog'iston Republikasi","Uzbekistan/Samarqand","Uzbekistan/Sirdaryo","Uzbekistan/Surxondaryo","Uzbekistan/Toshkent City","Uzbekistan/Toshkent Region","Uzbekistan/Xorazm","Vanuatu/Malampa","Vanuatu/Penama","Vanuatu/Sanma","Vanuatu/Shefa","Vanuatu/Tafea","Vanuatu/Torba","Venezuela/Amazonas","Venezuela/Anzoategui","Venezuela/Apure","Venezuela/Aragua","Venezuela/Barinas","Venezuela/Bolivar","Venezuela/Carabobo","Venezuela/Cojedes","Venezuela/Delta Amacuro","Venezuela/Dependencias Federales","Venezuela/Distrito Federal","Venezuela/Falcon","Venezuela/Guarico","Venezuela/Lara","Venezuela/Merida","Venezuela/Miranda","Venezuela/Monagas","Venezuela/Nueva Esparta","Venezuela/Portuguesa","Venezuela/Sucre","Venezuela/Tachira","Venezuela/Trujillo","Venezuela/Vargas","Venezuela/Yaracuy","Venezuela/Zulia","Viet Nam/An Giang","Viet Nam/Bac Giang","Viet Nam/Bac Kan","Viet Nam/Bac Lieu","Viet Nam/Bac Ninh","Viet Nam/Ba Ria-Vung Tau","Viet Nam/Ben Tre","Viet Nam/Binh Dinh","Viet Nam/Binh Duong","Viet Nam/Binh Phuoc","Viet Nam/Binh Thuan","Viet Nam/Ca Mau","Viet Nam/Can Tho","Viet Nam/Cao Bang","Viet Nam/Dak Lak","Viet Nam/Dak Nong","Viet Nam/Da Nang","Viet Nam/Dien Bien","Viet Nam/Dong Nai","Viet Nam/Dong Thap","Viet Nam/Gia Lai","Viet Nam/Ha Giang","Viet Nam/Hai Duong","Viet Nam/Hai Phong","Viet Nam/Ha Nam","Viet Nam/Ha Noi","Viet Nam/Ha Tay","Viet Nam/Ha Tinh","Viet Nam/Hoa Binh","Viet Nam/Ho Chi Minh City","Viet Nam/Hau Giang","Viet Nam/Hung Yen","Virgin Islands (U.S.)/Saint Croix","Virgin Islands (U.S.)/Saint John","Virgin Islands (U.S.)/Saint Thomas","Wallis and Futuna Islands/Alo","Wallis and Futuna Islands/Sigave","Wallis and Futuna Islands/Wallis","Yemen/Abyan","Yemen/Adan","Yemen/Amran","Yemen/Al Bayda","Yemen/Ad Dali","Yemen/Dhamar","Yemen/Hadramawt","Yemen/Hajjah","Yemen/Al Hudaydah","Yemen/Ibb","Yemen/Al Jawf","Yemen/Lahij","Yemen/Ma'rib","Yemen/Al Mahrah","Yemen/Al Mahwit","Yemen/Sa'dah","Yemen/San'a","Yemen/Shabwah","Yemen/Ta'izz","Yugoslavia/Kosovo","Yugoslavia/Montenegro","Yugoslavia/Serbia","Yugoslavia/Vojvodina","Democratic Republic of Congo/Bas-Congo","Democratic Republic of Congo/Bandundu","Democratic Republic of Congo/Equateur","Democratic Republic of Congo/Katanga","Democratic Republic of Congo/Kasai-Oriental","Democratic Republic of Congo/Kinshasa","Democratic Republic of Congo/Kasai-Occidental","Democratic Republic of Congo/Maniema","Democratic Republic of Congo/Nord-Kivu","Democratic Republic of Congo/Orientale","Democratic Republic of Congo/Sud-Kivu","Zambia/Central","Zambia/Copperbelt","Zambia/Eastern","Zambia/Luapula","Zambia/Lusaka","Zambia/Northern","Zambia/North-Western","Zambia/Southern","Zambia/Western","Zimbabwe/Bulawayo","Zimbabwe/Harare","Zimbabwe/Manicaland","Zimbabwe/Mashonaland Central","Zimbabwe/Mashonaland East","Zimbabwe/Mashonaland West","Zimbabwe/Masvingo","Zimbabwe/Matabeleland North","Zimbabwe/Matabeleland South","Zimbabwe/Midlands"];